Entity,Code,Year,export_share
Afghanistan,AFG,2017,0.0010455342
Afghanistan,AFG,2019,0.0005375497
Albania,ALB,1996,0.0042820326
Albania,ALB,2005,0.00065625506
Albania,ALB,2007,0.0058412445
Albania,ALB,2010,0.015685523
Albania,ALB,2011,0.034685608
Albania,ALB,2012,0.021549175
Albania,ALB,2013,0.02473791
Albania,ALB,2014,0.0027097508
Albania,ALB,2015,0.011584558
Albania,ALB,2016,0.03684026
Algeria,DZA,2001,0.0021265175
Algeria,DZA,2005,0.00236666
Algeria,DZA,2010,0.0057169003
Algeria,DZA,2011,0.00845925
Algeria,DZA,2012,0.01687578
Algeria,DZA,2013,0.042147573
Algeria,DZA,2014,0.027023818
Algeria,DZA,2015,0.016610492
Algeria,DZA,2016,0.0052561043
Algeria,DZA,2017,0.015472592
Andorra,AND,1995,1.0214386e-05
Andorra,AND,1996,0.00054855057
Andorra,AND,2001,0.0008657819
Andorra,AND,2005,0.014627741
Andorra,AND,2007,0.028939927
Andorra,AND,2010,0.012818241
Andorra,AND,2011,0.018627064
Andorra,AND,2012,0.009235175
Andorra,AND,2013,0.006086676
Andorra,AND,2014,0.0055140993
Andorra,AND,2015,0.0066498104
Andorra,AND,2016,0.010387485
Andorra,AND,2017,0.00949429
Andorra,AND,2018,0.015173076
Andorra,AND,2019,0.023431616
Andorra,AND,2020,0.03278766
Andorra,AND,2021,0.024335943
Andorra,AND,2022,0.05963347
Angola,AGO,2015,0.0
Angola,AGO,2016,0.0020562548
Angola,AGO,2017,0.0
Angola,AGO,2018,0.0035990241
Angola,AGO,2019,0.0021137665
Angola,AGO,2020,0.0023824521
Angola,AGO,2021,0.0053107464
Angola,AGO,2022,0.0048230924
Antigua and Barbuda,ATG,2005,0.00040605254
Antigua and Barbuda,ATG,2007,1.6713408e-08
Antigua and Barbuda,ATG,2010,0.0005758664
Antigua and Barbuda,ATG,2011,0.00040282926
Antigua and Barbuda,ATG,2013,0.00017637077
Antigua and Barbuda,ATG,2015,0.0005254294
Antigua and Barbuda,ATG,2016,0.00017681427
Antigua and Barbuda,ATG,2017,0.00038191825
Antigua and Barbuda,ATG,2018,0.0002297985
Argentina,ARG,1994,0.03175508
Argentina,ARG,1995,0.18832856
Argentina,ARG,1996,0.057532568
Argentina,ARG,2001,0.069735356
Argentina,ARG,2005,0.3730668
Argentina,ARG,2007,0.44874102
Argentina,ARG,2010,0.24684577
Argentina,ARG,2011,0.2503395
Argentina,ARG,2012,0.1744761
Argentina,ARG,2013,0.15622902
Argentina,ARG,2014,0.108641446
Argentina,ARG,2015,0.073066145
Argentina,ARG,2016,0.051981125
Argentina,ARG,2017,0.030553084
Armenia,ARM,2005,8.6152024e-05
Armenia,ARM,2010,0.0030728453
Armenia,ARM,2011,0.00015047276
Armenia,ARM,2013,0.00088245515
Armenia,ARM,2015,0.0006516081
Armenia,ARM,2016,0.001398203
Armenia,ARM,2017,0.0011629156
Armenia,ARM,2018,0.0024204794
Armenia,ARM,2019,0.00052631064
Armenia,ARM,2020,4.2799822e-08
Armenia,ARM,2021,0.00043529307
Armenia,ARM,2022,0.0
Aruba,ABW,2015,7.280944e-08
Australia,AUS,1988,1.0883708
Australia,AUS,1989,0.7401714
Australia,AUS,1994,0.2878775
Australia,AUS,1995,0.64035547
Australia,AUS,1996,0.4903614
Australia,AUS,2001,0.8114047
Australia,AUS,2005,0.93433195
Australia,AUS,2007,0.8652508
Australia,AUS,2010,1.028068
Australia,AUS,2011,1.0342207
Australia,AUS,2012,1.2978063
Australia,AUS,2013,1.2432927
Australia,AUS,2014,1.3318667
Australia,AUS,2015,1.5003093
Australia,AUS,2016,1.7658714
Australia,AUS,2017,1.4579698
Australia,AUS,2018,2.198261
Australia,AUS,2019,0.0
Australia,AUS,2020,2.1499515
Australia,AUS,2021,0.0
Australia,AUS,2022,1.7652243
Austria,AUT,1994,0.5205791
Austria,AUT,1995,0.4369454
Austria,AUT,1996,0.39633262
Austria,AUT,2001,0.67314816
Austria,AUT,2005,0.8664053
Austria,AUT,2007,0.72433364
Austria,AUT,2010,0.65910083
Austria,AUT,2011,0.91347593
Austria,AUT,2012,1.1452472
Austria,AUT,2013,1.3824295
Austria,AUT,2014,1.3074344
Austria,AUT,2015,1.0870883
Austria,AUT,2016,1.3125421
Austria,AUT,2017,1.604512
Austria,AUT,2018,2.5346375
Austria,AUT,2019,3.272925
Austria,AUT,2020,3.8374887
Austria,AUT,2021,3.4913008
Austria,AUT,2022,4.15579
Azerbaijan,AZE,2005,0.0010795593
Azerbaijan,AZE,2007,0.009468146
Azerbaijan,AZE,2010,0.0016921005
Azerbaijan,AZE,2011,0.002058618
Azerbaijan,AZE,2012,0.005539417
Azerbaijan,AZE,2013,0.0023020394
Azerbaijan,AZE,2016,0.0010078413
Azerbaijan,AZE,2017,0.0012486501
Azerbaijan,AZE,2018,0.0002715112
Azerbaijan,AZE,2019,0.002105174
Azerbaijan,AZE,2020,0.0064199734
Azerbaijan,AZE,2021,0.030557564
Azerbaijan,AZE,2022,0.041960515
Bahamas,BHS,2005,7.232515e-07
Bahamas,BHS,2007,4.7633213e-07
Bahamas,BHS,2011,2.5491454e-05
Bahamas,BHS,2012,9.45159e-05
Bahamas,BHS,2013,0.0009091112
Bahamas,BHS,2015,1.8144114e-05
Bahamas,BHS,2016,2.351108e-05
Bahamas,BHS,2018,7.2337593e-06
Bahamas,BHS,2019,0.001726753
Bahrain,BHR,2001,0.03472435
Bahrain,BHR,2005,0.0060247383
Bahrain,BHR,2007,0.0036769998
Bahrain,BHR,2010,0.011450124
Bahrain,BHR,2011,0.016975202
Bahrain,BHR,2012,0.019147348
Bahrain,BHR,2013,0.019730952
Bahrain,BHR,2014,0.021250451
Bahrain,BHR,2015,0.0071268566
Bahrain,BHR,2016,0.013448007
Bahrain,BHR,2017,0.014005237
Bahrain,BHR,2018,0.011803593
Bahrain,BHR,2019,0.01214986
Bahrain,BHR,2020,0.020030318
Bahrain,BHR,2021,0.002404104
Bahrain,BHR,2022,0.011899076
Bangladesh,BGD,2005,0.12580468
Bangladesh,BGD,2007,0.12578802
Bangladesh,BGD,2010,0.21298698
Bangladesh,BGD,2011,0.14767078
Bangladesh,BGD,2012,0.22903545
Bangladesh,BGD,2013,0.29153448
Bangladesh,BGD,2015,0.28403506
Barbados,BRB,2001,0.024543956
Barbados,BRB,2005,0.000428718
Barbados,BRB,2007,0.00021775899
Barbados,BRB,2010,0.012135398
Barbados,BRB,2011,0.010565624
Barbados,BRB,2012,0.008710156
Barbados,BRB,2013,0.010002948
Barbados,BRB,2014,0.007514231
Barbados,BRB,2015,0.008934694
Barbados,BRB,2016,0.01228296
Barbados,BRB,2017,0.01256894
Barbados,BRB,2018,0.011038302
Barbados,BRB,2019,0.017180849
Barbados,BRB,2020,0.039791852
Barbados,BRB,2021,0.01883333
Barbados,BRB,2022,0.024198992
Belarus,BLR,2001,0.01623577
Belarus,BLR,2005,0.022120755
Belarus,BLR,2007,0.011219619
Belarus,BLR,2010,0.024333898
Belarus,BLR,2011,0.026285136
Belarus,BLR,2012,0.03613126
Belarus,BLR,2013,0.0764307
Belarus,BLR,2014,0.07576387
Belarus,BLR,2015,0.08122823
Belarus,BLR,2016,0.07450014
Belarus,BLR,2017,0.088192835
Belarus,BLR,2018,0.1379081
Belarus,BLR,2019,0.3481771
Belarus,BLR,2020,0.29608294
Belarus,BLR,2021,0.32568675
Belgium,BEL,2001,4.2474546
Belgium,BEL,2005,3.6468282
Belgium,BEL,2007,3.3395772
Belgium,BEL,2010,1.6680026
Belgium,BEL,2011,2.8358567
Belgium,BEL,2012,2.2403073
Belgium,BEL,2013,2.7874658
Belgium,BEL,2014,2.299482
Belgium,BEL,2015,2.037456
Belgium,BEL,2016,2.4562807
Belgium,BEL,2017,3.2467372
Belgium,BEL,2018,4.9550166
Belgium,BEL,2019,5.878212
Belgium,BEL,2020,6.6259184
Belgium,BEL,2021,6.7854223
Belgium,BEL,2022,9.29275
Belize,BLZ,1996,4.6175e-06
Belize,BLZ,2010,0.002150427
Belize,BLZ,2011,0.0038248447
Belize,BLZ,2012,0.0058504078
Belize,BLZ,2013,0.009854533
Belize,BLZ,2014,0.0165179
Belize,BLZ,2015,0.008584517
Belize,BLZ,2016,0.004435209
Belize,BLZ,2017,0.0030935747
Belize,BLZ,2018,0.006661591
Belize,BLZ,2019,0.00904347
Belize,BLZ,2020,0.007889252
Belize,BLZ,2021,0.027148524
Belize,BLZ,2022,0.009019439
Benin,BEN,2001,0.00022266131
Benin,BEN,2005,0.00070197944
Benin,BEN,2007,0.0028028386
Benin,BEN,2010,0.0037416525
Benin,BEN,2011,0.0015493564
Benin,BEN,2012,0.0016800063
Benin,BEN,2013,0.003390648
Benin,BEN,2014,0.0038764311
Benin,BEN,2015,0.00016527744
Benin,BEN,2017,5.0090266e-06
Benin,BEN,2018,0.0006144727
Benin,BEN,2019,0.0010183885
Benin,BEN,2020,0.0040736874
Benin,BEN,2021,0.004663361
Benin,BEN,2022,0.0014362019
Bermuda,BMU,2018,1.4290063e-08
Bhutan,BTN,2005,0.004488701
Bhutan,BTN,2007,0.0031144514
Bhutan,BTN,2010,0.0048149987
Bhutan,BTN,2011,0.0067064823
Bhutan,BTN,2012,0.007983118
Bolivia,BOL,1996,4.2362386e-05
Bolivia,BOL,2001,0.0022696694
Bolivia,BOL,2005,0.03770508
Bolivia,BOL,2007,0.051664263
Bolivia,BOL,2010,0.021277454
Bolivia,BOL,2011,0.017970635
Bolivia,BOL,2012,0.027183088
Bolivia,BOL,2013,0.03757526
Bolivia,BOL,2014,0.037963882
Bolivia,BOL,2015,0.017014286
Bolivia,BOL,2016,0.031202741
Bolivia,BOL,2017,0.022058731
Bolivia,BOL,2018,0.01237228
Bolivia,BOL,2019,0.018374577
Bolivia,BOL,2020,0.015839785
Bolivia,BOL,2021,0.035571925
Bolivia,BOL,2022,0.015973262
Bosnia and Herzegovina,BIH,2005,0.009094962
Bosnia and Herzegovina,BIH,2007,0.01501835
Bosnia and Herzegovina,BIH,2010,0.028042039
Bosnia and Herzegovina,BIH,2011,0.034619343
Bosnia and Herzegovina,BIH,2012,0.03965557
Bosnia and Herzegovina,BIH,2013,0.061824605
Bosnia and Herzegovina,BIH,2014,0.06735225
Bosnia and Herzegovina,BIH,2015,0.06173072
Bosnia and Herzegovina,BIH,2016,0.06636144
Bosnia and Herzegovina,BIH,2017,0.059205316
Bosnia and Herzegovina,BIH,2018,0.086430505
Bosnia and Herzegovina,BIH,2019,0.112726144
Bosnia and Herzegovina,BIH,2020,0.12855546
Bosnia and Herzegovina,BIH,2021,0.10656135
Bosnia and Herzegovina,BIH,2022,0.069897085
Botswana,BWA,2001,0.0056401696
Botswana,BWA,2005,0.002510172
Botswana,BWA,2007,0.0036573783
Botswana,BWA,2010,0.0033891578
Botswana,BWA,2011,0.0020241733
Botswana,BWA,2012,0.0030281853
Botswana,BWA,2013,0.0023697591
Botswana,BWA,2014,0.0037477028
Botswana,BWA,2015,0.0
Botswana,BWA,2016,0.0025804893
Botswana,BWA,2017,0.0013791212
Botswana,BWA,2018,0.019860458
Botswana,BWA,2019,0.0026239746
Botswana,BWA,2020,0.008370468
Botswana,BWA,2021,0.0058919783
Botswana,BWA,2022,0.009083057
Brazil,BRA,1989,2.3181815
Brazil,BRA,1994,0.019027483
Brazil,BRA,1995,0.04639986
Brazil,BRA,1996,0.1494534
Brazil,BRA,2001,0.0
Brazil,BRA,2005,0.0
Brazil,BRA,2007,0.0
Brazil,BRA,2010,0.0
Brazil,BRA,2011,0.039205573
Brazil,BRA,2012,0.034903195
Brazil,BRA,2013,0.027169313
Brazil,BRA,2014,0.04209983
Brazil,BRA,2015,0.0
Brazil,BRA,2016,0.0
Brazil,BRA,2017,0.073903084
Brazil,BRA,2018,0.03245348
Brazil,BRA,2019,0.04095594
Brazil,BRA,2020,0.050354067
Brazil,BRA,2021,0.04610239
Brazil,BRA,2022,0.0831071
Brunei,BRN,2001,5.816938e-05
Brunei,BRN,2007,0.000560902
Brunei,BRN,2010,0.0009356382
Brunei,BRN,2011,0.0027248224
Brunei,BRN,2012,0.0014947855
Brunei,BRN,2013,0.002405056
Brunei,BRN,2014,0.0032706896
Brunei,BRN,2015,0.0021624404
Brunei,BRN,2016,0.0027848335
Brunei,BRN,2017,0.0039871857
Brunei,BRN,2018,0.0050843447
Brunei,BRN,2019,0.0068794093
Brunei,BRN,2020,0.00084872916
Brunei,BRN,2021,0.0026045663
Brunei,BRN,2022,0.0029343693
Bulgaria,BGR,1996,0.10123149
Bulgaria,BGR,2001,0.0031785967
Bulgaria,BGR,2005,0.08019542
Bulgaria,BGR,2007,0.06164164
Bulgaria,BGR,2010,0.075772285
Bulgaria,BGR,2011,0.08035099
Bulgaria,BGR,2012,0.08491896
Bulgaria,BGR,2013,0.071183026
Bulgaria,BGR,2014,0.07250406
Bulgaria,BGR,2015,0.066394895
Bulgaria,BGR,2016,0.0790417
Bulgaria,BGR,2017,0.1440426
Bulgaria,BGR,2018,0.17923231
Bulgaria,BGR,2019,0.19519831
Bulgaria,BGR,2020,0.20581466
Bulgaria,BGR,2021,0.36500782
Bulgaria,BGR,2022,0.4090747
Burkina Faso,BFA,2001,0.0002523997
Burkina Faso,BFA,2007,0.00052647234
Burkina Faso,BFA,2010,0.00027610033
Burkina Faso,BFA,2011,0.0008444258
Burkina Faso,BFA,2012,0.0009721789
Burkina Faso,BFA,2013,0.0011730259
Burkina Faso,BFA,2014,0.0006904781
Burkina Faso,BFA,2015,0.0075878073
Burkina Faso,BFA,2016,0.01285132
Burkina Faso,BFA,2017,0.013231504
Burkina Faso,BFA,2018,0.024268672
Burkina Faso,BFA,2019,0.022728745
Burkina Faso,BFA,2020,0.02621489
Burkina Faso,BFA,2021,0.027707359
Burundi,BDI,2014,0.00011295798
Burundi,BDI,2015,0.00076340704
Burundi,BDI,2016,0.0006891336
Burundi,BDI,2017,0.00045632233
Burundi,BDI,2018,0.0013904232
Burundi,BDI,2019,0.0012758556
Burundi,BDI,2020,0.0028108782
Burundi,BDI,2021,0.004190153
Burundi,BDI,2022,0.010251199
Cambodia,KHM,2005,0.0002944059
Cambodia,KHM,2007,0.0020435066
Cambodia,KHM,2010,0.011408084
Cambodia,KHM,2011,0.020934837
Cambodia,KHM,2012,0.03854136
Cambodia,KHM,2013,0.05722528
Cambodia,KHM,2014,0.05709012
Cambodia,KHM,2015,0.10422584
Cambodia,KHM,2016,0.1510596
Cambodia,KHM,2017,0.11597922
Cambodia,KHM,2018,0.06353594
Cambodia,KHM,2019,0.13863336
Cambodia,KHM,2020,0.1487622
Cambodia,KHM,2021,0.10355129
Cambodia,KHM,2022,0.048163015
Cameroon,CMR,1995,0.0023009286
Cameroon,CMR,1996,0.0021689117
Cameroon,CMR,2007,0.00046638766
Cameroon,CMR,2010,3.2869085e-07
Cameroon,CMR,2012,0.00038513448
Cameroon,CMR,2013,0.00045295223
Cameroon,CMR,2014,0.0018383965
Cameroon,CMR,2015,0.0023110083
Cameroon,CMR,2016,0.0013722555
Cameroon,CMR,2017,0.0046463227
Cameroon,CMR,2018,0.0057143252
Cameroon,CMR,2019,0.005702203
Cameroon,CMR,2020,0.010679155
Cameroon,CMR,2021,0.020283245
Canada,CAN,1989,11.215514
Canada,CAN,1994,3.1843114
Canada,CAN,1995,2.9122646
Canada,CAN,1996,3.3457935
Canada,CAN,2001,2.6087224
Canada,CAN,2005,2.2544694
Canada,CAN,2007,1.6702808
Canada,CAN,2010,1.2521821
Canada,CAN,2011,1.3564159
Canada,CAN,2012,1.3647497
Canada,CAN,2013,1.369146
Canada,CAN,2014,1.3844696
Canada,CAN,2015,1.5335736
Canada,CAN,2016,0.0
Canada,CAN,2017,1.9749781
Canada,CAN,2018,2.2587168
Canada,CAN,2019,2.4435925
Canada,CAN,2020,3.214413
Canada,CAN,2021,3.4169462
Canada,CAN,2022,4.358394
Cayman Islands,CYM,2020,3.071767e-05
Cayman Islands,CYM,2021,0.00033120072
Central African Republic,CAF,2011,0.00058410794
Central African Republic,CAF,2012,0.00047203508
Central African Republic,CAF,2013,0.00014590673
Central African Republic,CAF,2014,0.0007584322
Central African Republic,CAF,2015,0.00043510922
Central African Republic,CAF,2016,0.00019449569
Central African Republic,CAF,2017,0.00066960667
Central African Republic,CAF,2018,0.0020371913
Central African Republic,CAF,2019,0.0023204
Chile,CHL,1994,0.007273315
Chile,CHL,1995,0.034901522
Chile,CHL,1996,0.014307133
Chile,CHL,2001,0.015546249
Chile,CHL,2005,0.03728446
Chile,CHL,2007,0.05588898
Chile,CHL,2010,0.0883701
Chile,CHL,2011,0.09839123
Chile,CHL,2012,0.08721028
Chile,CHL,2013,0.09879784
Chile,CHL,2014,0.10734649
Chile,CHL,2015,0.0
Chile,CHL,2016,0.0
Chile,CHL,2017,0.15674748
Chile,CHL,2018,0.13953307
Chile,CHL,2019,0.18430619
Chile,CHL,2020,0.2190744
Chile,CHL,2021,0.19400595
Chile,CHL,2022,0.22442208
China,CHN,1994,0.54500866
China,CHN,1995,0.50476843
China,CHN,1996,0.3616012
China,CHN,2001,0.51416725
China,CHN,2005,0.4753146
China,CHN,2007,0.24294494
China,CHN,2010,0.1693258
China,CHN,2011,0.17433287
China,CHN,2012,0.22125402
China,CHN,2013,0.33659008
China,CHN,2014,0.30590907
China,CHN,2015,0.22124358
China,CHN,2016,1.4608763
China,CHN,2017,0.29700083
China,CHN,2018,0.0
China,CHN,2019,0.9000709
China,CHN,2020,0.0
China,CHN,2021,0.95678985
China,CHN,2022,1.2638589
Colombia,COL,1994,0.0010571167
Colombia,COL,1995,0.02638564
Colombia,COL,2001,0.025357595
Colombia,COL,2005,0.024628267
Colombia,COL,2007,0.021745555
Colombia,COL,2010,0.04036958
Colombia,COL,2011,0.049235
Colombia,COL,2012,0.043818668
Colombia,COL,2013,0.027691687
Colombia,COL,2014,0.03156298
Colombia,COL,2015,0.039035633
Colombia,COL,2016,0.025277527
Colombia,COL,2017,0.03202473
Colombia,COL,2018,0.0370521
Colombia,COL,2019,0.092214875
Colombia,COL,2020,0.0814127
Colombia,COL,2021,0.122917175
Congo,COG,2007,8.15865e-05
Congo,COG,2013,6.6860557e-06
Congo,COG,2014,0.0012550887
Congo,COG,2015,0.0005387899
Congo,COG,2016,0.001821187
Congo,COG,2017,0.002068728
Congo,COG,2018,0.00035725159
Congo,COG,2019,0.00050696026
Congo,COG,2020,0.0020115916
Congo,COG,2021,0.006933937
Costa Rica,CRI,1994,0.008443984
Costa Rica,CRI,1995,0.02392766
Costa Rica,CRI,1996,0.21910559
Costa Rica,CRI,2001,0.045130685
Costa Rica,CRI,2005,0.042211525
Costa Rica,CRI,2007,0.050971664
Costa Rica,CRI,2010,0.037031278
Costa Rica,CRI,2011,0.06003033
Costa Rica,CRI,2012,0.076025486
Costa Rica,CRI,2013,0.07664072
Costa Rica,CRI,2014,0.09165877
Costa Rica,CRI,2015,0.07172492
Costa Rica,CRI,2016,0.102202885
Costa Rica,CRI,2017,0.10330503
Costa Rica,CRI,2018,0.11290448
Costa Rica,CRI,2019,0.395239
Costa Rica,CRI,2020,0.18885826
Costa Rica,CRI,2021,0.16749007
Cote d'Ivoire,CIV,1995,0.0014262897
Cote d'Ivoire,CIV,1996,0.012338045
Cote d'Ivoire,CIV,2001,0.0005318344
Cote d'Ivoire,CIV,2005,0.00062772917
Cote d'Ivoire,CIV,2007,0.0016968288
Cote d'Ivoire,CIV,2010,0.00014462398
Cote d'Ivoire,CIV,2011,0.013007022
Cote d'Ivoire,CIV,2012,0.012879232
Cote d'Ivoire,CIV,2013,0.015502671
Cote d'Ivoire,CIV,2014,0.0019928727
Cote d'Ivoire,CIV,2015,0.011489738
Cote d'Ivoire,CIV,2016,0.01824511
Cote d'Ivoire,CIV,2017,0.008627086
Cote d'Ivoire,CIV,2018,0.014861094
Cote d'Ivoire,CIV,2019,0.010365258
Cote d'Ivoire,CIV,2020,0.008131967
Cote d'Ivoire,CIV,2021,0.014500854
Cote d'Ivoire,CIV,2022,0.020185942
Croatia,HRV,1994,0.030171871
Croatia,HRV,1995,0.032302532
Croatia,HRV,1996,0.028170986
Croatia,HRV,2001,0.044837866
Croatia,HRV,2005,0.040579528
Croatia,HRV,2007,0.102103084
Croatia,HRV,2010,0.048280194
Croatia,HRV,2011,0.0567798
Croatia,HRV,2012,0.06532345
Croatia,HRV,2013,0.07901157
Croatia,HRV,2014,0.092910364
Croatia,HRV,2015,0.10165837
Croatia,HRV,2016,0.15667284
Croatia,HRV,2017,0.18592718
Croatia,HRV,2018,0.31819978
Croatia,HRV,2019,0.6128273
Croatia,HRV,2020,0.69156414
Croatia,HRV,2021,0.6275824
Croatia,HRV,2022,0.8260538
Cuba,CUB,2005,0.0014389515
Cuba,CUB,2016,0.0028622693
Cuba,CUB,2017,0.0015814498
Cuba,CUB,2018,0.0047891717
Cyprus,CYP,1989,0.010349833
Cyprus,CYP,1994,0.008820801
Cyprus,CYP,1995,0.0057839975
Cyprus,CYP,1996,0.013049141
Cyprus,CYP,2001,0.011876879
Cyprus,CYP,2005,0.008213755
Cyprus,CYP,2007,0.0088843135
Cyprus,CYP,2010,0.019944476
Cyprus,CYP,2011,0.043447822
Cyprus,CYP,2012,0.04047932
Cyprus,CYP,2013,0.045996826
Cyprus,CYP,2014,0.05627802
Cyprus,CYP,2015,0.0761241
Cyprus,CYP,2016,0.1233435
Cyprus,CYP,2017,0.09868899
Cyprus,CYP,2018,0.11715159
Cyprus,CYP,2019,0.0
Cyprus,CYP,2020,0.21170285
Cyprus,CYP,2021,0.17083009
Cyprus,CYP,2022,0.20123737
Czechia,CZE,1994,0.16689952
Czechia,CZE,1995,0.42663127
Czechia,CZE,1996,0.18239515
Czechia,CZE,2001,0.21292034
Czechia,CZE,2005,0.23747207
Czechia,CZE,2007,0.26444176
Czechia,CZE,2010,0.5614608
Czechia,CZE,2011,0.7001173
Czechia,CZE,2012,0.7750209
Czechia,CZE,2013,1.0326763
Czechia,CZE,2014,0.8669382
Czechia,CZE,2015,0.9013294
Czechia,CZE,2016,1.0969338
Czechia,CZE,2017,1.2310619
Czechia,CZE,2018,1.642857
Czechia,CZE,2019,0.0
Czechia,CZE,2020,1.9063668
Czechia,CZE,2021,1.6342478
Czechia,CZE,2022,2.2429724
Democratic Republic of Congo,COD,2017,8.0144426e-05
Democratic Republic of Congo,COD,2018,0.00031438138
Democratic Republic of Congo,COD,2019,0.002199692
Democratic Republic of Congo,COD,2020,7.061971e-07
Democratic Republic of Congo,COD,2021,0.00338586
Denmark,DNK,1989,3.886487
Denmark,DNK,1994,0.33860835
Denmark,DNK,1995,0.24080053
Denmark,DNK,1996,0.3638595
Denmark,DNK,2001,0.3760526
Denmark,DNK,2005,0.47028187
Denmark,DNK,2007,0.3905053
Denmark,DNK,2010,3.2445452
Denmark,DNK,2011,0.5460998
Denmark,DNK,2012,0.57320464
Denmark,DNK,2013,0.54529405
Denmark,DNK,2014,0.5897947
Denmark,DNK,2015,0.5405453
Denmark,DNK,2016,0.5226256
Denmark,DNK,2017,0.55752957
Denmark,DNK,2018,0.78926843
Denmark,DNK,2019,1.0508859
Denmark,DNK,2020,0.0
Denmark,DNK,2021,0.0
Denmark,DNK,2022,2.029925
Dominica,DMA,1996,0.0009531537
Dominica,DMA,2010,2.6689697e-06
Dominican Republic,DOM,1996,0.003682181
Dominican Republic,DOM,2001,0.0105467625
Dominican Republic,DOM,2005,0.019745672
Dominican Republic,DOM,2007,0.055359088
Dominican Republic,DOM,2010,0.096866935
Dominican Republic,DOM,2011,0.1439056
Dominican Republic,DOM,2012,0.15831597
Dominican Republic,DOM,2013,0.18686403
Dominican Republic,DOM,2014,0.21095574
Dominican Republic,DOM,2015,0.18753774
Dominican Republic,DOM,2016,0.0
Dominican Republic,DOM,2017,0.0
Dominican Republic,DOM,2018,0.2147292
Dominican Republic,DOM,2019,0.23534311
Dominican Republic,DOM,2020,0.29898375
Dominican Republic,DOM,2021,0.49369237
Dominican Republic,DOM,2022,0.529007
East Timor,TLS,2005,0.0001464478
East Timor,TLS,2020,6.419974e-05
East Timor,TLS,2021,0.0005028584
East Timor,TLS,2022,8.643591e-05
Ecuador,ECU,1995,0.0030053158
Ecuador,ECU,1996,2.2833327e-05
Ecuador,ECU,2001,0.0062863035
Ecuador,ECU,2005,0.026182907
Ecuador,ECU,2007,0.06723075
Ecuador,ECU,2010,0.06597325
Ecuador,ECU,2011,0.10254687
Ecuador,ECU,2012,0.16349016
Ecuador,ECU,2013,0.2375217
Ecuador,ECU,2014,0.2490219
Ecuador,ECU,2015,0.24860145
Ecuador,ECU,2016,0.15580934
Ecuador,ECU,2017,0.16913001
Ecuador,ECU,2018,0.079115465
Ecuador,ECU,2019,0.056359358
Ecuador,ECU,2020,0.07455636
Ecuador,ECU,2021,0.12901886
Ecuador,ECU,2022,0.086593136
Egypt,EGY,1994,0.00043769032
Egypt,EGY,1995,0.0038857074
Egypt,EGY,1996,0.010432203
Egypt,EGY,2001,0.00544361
Egypt,EGY,2005,0.1169723
Egypt,EGY,2007,0.113148
Egypt,EGY,2010,0.13798378
Egypt,EGY,2011,0.107196964
Egypt,EGY,2012,0.11528776
Egypt,EGY,2013,0.052105907
Egypt,EGY,2014,0.0039780573
Egypt,EGY,2015,0.002797499
Egypt,EGY,2016,0.029645493
Egypt,EGY,2017,0.0236206
Egypt,EGY,2018,5.387364e-05
Egypt,EGY,2019,0.0078761075
Egypt,EGY,2020,0.028849084
Egypt,EGY,2021,2.1683818e-06
Egypt,EGY,2022,0.010548314
El Salvador,SLV,1994,0.0019639465
El Salvador,SLV,1995,0.0015080047
El Salvador,SLV,1996,0.016694212
El Salvador,SLV,2001,0.018501164
El Salvador,SLV,2005,0.048756167
El Salvador,SLV,2007,0.05731362
El Salvador,SLV,2010,0.07363178
El Salvador,SLV,2011,0.093165666
El Salvador,SLV,2012,0.09580269
El Salvador,SLV,2013,0.11494547
El Salvador,SLV,2014,0.0886479
El Salvador,SLV,2015,0.08736568
El Salvador,SLV,2016,0.07590221
El Salvador,SLV,2017,0.08768024
El Salvador,SLV,2018,0.13860565
El Salvador,SLV,2019,0.17949559
El Salvador,SLV,2020,0.15105917
El Salvador,SLV,2021,0.19079407
El Salvador,SLV,2022,0.2510794
Estonia,EST,1995,0.014447162
Estonia,EST,1996,0.015380893
Estonia,EST,2001,0.014643748
Estonia,EST,2005,0.05088766
Estonia,EST,2007,0.10704531
Estonia,EST,2010,0.10072547
Estonia,EST,2011,0.09564141
Estonia,EST,2012,0.25954083
Estonia,EST,2013,0.12421962
Estonia,EST,2014,0.12556763
Estonia,EST,2015,0.11594378
Estonia,EST,2016,0.1498637
Estonia,EST,2017,0.13651943
Estonia,EST,2018,0.2008068
Estonia,EST,2019,0.28270808
Estonia,EST,2020,0.34871036
Estonia,EST,2021,0.3441573
Estonia,EST,2022,0.48460266
Eswatini,SWZ,2001,0.0010894625
Eswatini,SWZ,2005,0.0013232313
Eswatini,SWZ,2007,0.0016693017
Eswatini,SWZ,2010,0.001718783
Eswatini,SWZ,2011,0.0024181488
Eswatini,SWZ,2012,0.0035896476
Eswatini,SWZ,2013,0.006543673
Eswatini,SWZ,2014,0.0038046343
Eswatini,SWZ,2015,0.006495807
Eswatini,SWZ,2016,0.007836355
Eswatini,SWZ,2017,0.0068304026
Eswatini,SWZ,2018,0.018704133
Eswatini,SWZ,2019,0.015952183
Eswatini,SWZ,2020,0.013902346
Eswatini,SWZ,2021,0.01272318
Ethiopia,ETH,2007,0.010746721
Ethiopia,ETH,2010,0.0011893678
Ethiopia,ETH,2011,0.0029462704
Ethiopia,ETH,2012,0.0032507433
Ethiopia,ETH,2013,0.005012618
Ethiopia,ETH,2014,0.021815076
Ethiopia,ETH,2015,0.029193057
Ethiopia,ETH,2016,0.022866283
Ethiopia,ETH,2017,0.049476612
Ethiopia,ETH,2018,0.05467644
Ethiopia,ETH,2019,0.09042985
Ethiopia,ETH,2020,0.10086724
Ethiopia,ETH,2021,0.1384696
Ethiopia,ETH,2022,0.17347853
Faroe Islands,FRO,1996,0.0018071794
Faroe Islands,FRO,2007,0.00095086754
Fiji,FJI,2005,0.0023988127
Fiji,FJI,2007,0.0008722811
Fiji,FJI,2010,0.004437274
Fiji,FJI,2011,0.0039153975
Fiji,FJI,2012,0.0042904518
Fiji,FJI,2013,0.003606189
Fiji,FJI,2014,0.0048219934
Fiji,FJI,2015,0.0014877518
Fiji,FJI,2016,0.008428577
Fiji,FJI,2017,0.007882204
Fiji,FJI,2018,0.018134562
Fiji,FJI,2019,0.020141015
Fiji,FJI,2020,0.0033254607
Fiji,FJI,2021,0.010337507
Fiji,FJI,2022,0.007121229
Finland,FIN,1988,2.2528436
Finland,FIN,1989,1.5171026
Finland,FIN,1994,0.11510568
Finland,FIN,1995,0.051840518
Finland,FIN,1996,0.060501665
Finland,FIN,2001,0.09324729
Finland,FIN,2005,0.26077566
Finland,FIN,2007,0.26202518
Finland,FIN,2010,0.20961109
Finland,FIN,2011,0.23857166
Finland,FIN,2012,0.21439436
Finland,FIN,2013,0.24116372
Finland,FIN,2014,0.24408999
Finland,FIN,2015,0.22603932
Finland,FIN,2016,0.2567615
Finland,FIN,2017,0.26781642
Finland,FIN,2018,0.30830956
Finland,FIN,2019,0.0
Finland,FIN,2020,0.6108295
Finland,FIN,2021,0.5173131
Finland,FIN,2022,0.0
France,FRA,1994,4.252825
France,FRA,1995,3.843053
France,FRA,1996,4.909909
France,FRA,2001,5.5034037
France,FRA,2005,4.3474956
France,FRA,2007,3.2222807
France,FRA,2010,3.141981
France,FRA,2011,3.4391668
France,FRA,2012,3.4146876
France,FRA,2013,3.6406093
France,FRA,2014,3.4642327
France,FRA,2015,3.4129746
France,FRA,2016,4.278527
France,FRA,2017,4.5849304
France,FRA,2018,6.3229785
France,FRA,2019,6.627859
France,FRA,2020,7.142192
France,FRA,2021,6.8439274
France,FRA,2022,8.178938
French Polynesia,PYF,1996,0.0034301672
French Polynesia,PYF,2001,0.0046391464
French Polynesia,PYF,2005,0.0034625668
French Polynesia,PYF,2007,0.0016825804
French Polynesia,PYF,2010,0.0015055356
French Polynesia,PYF,2011,0.0013849308
French Polynesia,PYF,2012,0.0022074927
French Polynesia,PYF,2013,0.0030736218
French Polynesia,PYF,2014,0.0007562089
French Polynesia,PYF,2015,0.004530786
French Polynesia,PYF,2016,0.00434079
French Polynesia,PYF,2017,0.0048796935
French Polynesia,PYF,2018,0.005112413
French Polynesia,PYF,2019,0.006835027
French Polynesia,PYF,2020,0.012357593
French Polynesia,PYF,2021,0.010289365
French Polynesia,PYF,2022,0.008865406
Gabon,GAB,2007,0.00016713407
Gambia,GMB,2012,0.0
Gambia,GMB,2013,0.0
Georgia,GEO,2007,8.3567036e-05
Georgia,GEO,2010,0.0016166528
Georgia,GEO,2011,0.0019582117
Georgia,GEO,2012,0.00491277
Georgia,GEO,2013,0.012695761
Georgia,GEO,2014,0.008766027
Georgia,GEO,2015,0.0057022097
Georgia,GEO,2016,0.005179827
Georgia,GEO,2017,0.009923482
Georgia,GEO,2018,0.011372976
Georgia,GEO,2019,0.020848338
Georgia,GEO,2020,0.01377476
Georgia,GEO,2021,0.040883552
Georgia,GEO,2022,0.006828051
Germany,DEU,1994,6.4931927
Germany,DEU,1995,7.5781403
Germany,DEU,1996,6.5441675
Germany,DEU,2001,5.444674
Germany,DEU,2005,6.2784834
Germany,DEU,2007,7.07047
Germany,DEU,2010,9.835127
Germany,DEU,2011,10.145823
Germany,DEU,2012,10.159201
Germany,DEU,2013,10.623675
Germany,DEU,2014,10.425705
Germany,DEU,2015,10.02465
Germany,DEU,2016,12.882252
Germany,DEU,2017,12.199277
Germany,DEU,2018,14.985807
Germany,DEU,2019,18.75369
Germany,DEU,2020,0.0
Germany,DEU,2021,16.42991
Germany,DEU,2022,0.0
Ghana,GHA,2005,0.00022060235
Ghana,GHA,2007,0.0009509929
Ghana,GHA,2010,0.001719612
Ghana,GHA,2011,0.001784265
Ghana,GHA,2012,0.0013701781
Ghana,GHA,2013,0.008278957
Ghana,GHA,2014,0.0
Ghana,GHA,2015,0.003391349
Ghana,GHA,2016,0.0012335889
Ghana,GHA,2017,0.0096361535
Ghana,GHA,2018,0.00094369287
Ghana,GHA,2019,0.005110658
Greece,GRC,1988,0.00015255064
Greece,GRC,1989,0.057565216
Greece,GRC,1994,0.04475581
Greece,GRC,1995,0.023329658
Greece,GRC,1996,0.028381528
Greece,GRC,2001,0.028856156
Greece,GRC,2005,0.060297757
Greece,GRC,2007,0.09131815
Greece,GRC,2010,0.32879758
Greece,GRC,2011,0.31937274
Greece,GRC,2012,0.26189908
Greece,GRC,2013,0.23923972
Greece,GRC,2014,0.25117943
Greece,GRC,2015,0.27544993
Greece,GRC,2016,0.37893608
Greece,GRC,2017,0.52855384
Greece,GRC,2018,0.7574517
Greece,GRC,2019,0.9097162
Greece,GRC,2020,1.1426238
Greece,GRC,2021,1.1796755
Greece,GRC,2022,0.0
Greenland,GRL,1994,2.6427915e-06
Greenland,GRL,1996,1.0166973e-06
Greenland,GRL,2013,0.00030146574
Greenland,GRL,2014,0.00038638085
Greenland,GRL,2015,0.000655285
Greenland,GRL,2016,0.00053679926
Greenland,GRL,2017,0.00082148035
Greenland,GRL,2018,0.0017219527
Grenada,GRD,2001,3.545562e-05
Grenada,GRD,2010,1.4988304e-06
Grenada,GRD,2016,1.3261069e-06
Grenada,GRD,2020,0.0010593813
Grenada,GRD,2021,0.00034933633
Guadeloupe,GLP,1995,0.00071154075
Guatemala,GTM,1994,0.025223862
Guatemala,GTM,1995,0.028690219
Guatemala,GTM,1996,0.023264745
Guatemala,GTM,2001,0.017587252
Guatemala,GTM,2005,0.05374465
Guatemala,GTM,2007,0.066286206
Guatemala,GTM,2010,0.043997176
Guatemala,GTM,2011,0.053191308
Guatemala,GTM,2012,0.079213314
Guatemala,GTM,2013,0.10296225
Guatemala,GTM,2014,0.10591727
Guatemala,GTM,2015,0.13006414
Guatemala,GTM,2016,0.1506406
Guatemala,GTM,2017,0.13009188
Guatemala,GTM,2018,0.14789297
Guatemala,GTM,2019,0.14052442
Guatemala,GTM,2020,0.11512217
Guatemala,GTM,2021,0.27321255
Guatemala,GTM,2022,0.16964252
Guinea,GIN,2013,0.00014455989
Guyana,GUY,2001,0.0004075402
Guyana,GUY,2007,8.356704e-09
Guyana,GUY,2010,0.010603626
Guyana,GUY,2011,0.004994807
Guyana,GUY,2012,0.0006643133
Guyana,GUY,2016,0.00042630805
Guyana,GUY,2017,0.0
Guyana,GUY,2020,2.139991e-06
Honduras,HND,1994,7.906352e-05
Honduras,HND,1995,0.00068993197
Honduras,HND,1996,0.0049503837
Honduras,HND,2001,0.0194941
Honduras,HND,2005,0.018993203
Honduras,HND,2007,0.021888172
Honduras,HND,2010,0.017790688
Honduras,HND,2011,0.014041229
Honduras,HND,2012,0.07744517
Honduras,HND,2014,0.123727895
Honduras,HND,2015,0.014538103
Honduras,HND,2016,0.019071858
Honduras,HND,2017,0.049628224
Honduras,HND,2018,0.06012372
Honduras,HND,2019,0.010889274
Honduras,HND,2020,0.25488198
Honduras,HND,2021,0.01938306
Hong Kong,HKG,1994,42.17937
Hong Kong,HKG,1995,43.01131
Hong Kong,HKG,1996,37.173553
Hong Kong,HKG,2001,32.882355
Hong Kong,HKG,2005,33.760456
Hong Kong,HKG,2007,32.465282
Hong Kong,HKG,2010,27.723862
Hong Kong,HKG,2011,23.616936
Hong Kong,HKG,2012,21.755285
Hong Kong,HKG,2013,11.956162
Hong Kong,HKG,2014,21.823206
Hong Kong,HKG,2015,20.566408
Hong Kong,HKG,2016,24.920364
Hong Kong,HKG,2017,17.938831
Hong Kong,HKG,2018,4.112175
Hong Kong,HKG,2019,3.992867
Hong Kong,HKG,2020,2.3985076
Hong Kong,HKG,2021,0.5574268
Hong Kong,HKG,2022,0.423733
Hungary,HUN,1994,0.2570546
Hungary,HUN,1995,0.10678617
Hungary,HUN,1996,0.07918297
Hungary,HUN,2001,0.094710834
Hungary,HUN,2005,0.043021765
Hungary,HUN,2007,0.06316582
Hungary,HUN,2010,0.10210716
Hungary,HUN,2011,0.18654382
Hungary,HUN,2012,0.16685957
Hungary,HUN,2013,0.14961027
Hungary,HUN,2014,0.1427001
Hungary,HUN,2015,0.14762583
Hungary,HUN,2016,0.0
Hungary,HUN,2017,0.0
Hungary,HUN,2018,0.0
Hungary,HUN,2019,0.0
Hungary,HUN,2020,0.0
Hungary,HUN,2021,0.0
Hungary,HUN,2022,0.0
Iceland,ISL,1988,0.011500558
Iceland,ISL,1989,0.011124114
Iceland,ISL,1994,0.052377973
Iceland,ISL,1995,0.042651255
Iceland,ISL,1996,0.047814
Iceland,ISL,2001,0.030180138
Iceland,ISL,2005,0.020693716
Iceland,ISL,2007,0.029368524
Iceland,ISL,2010,0.026274037
Iceland,ISL,2011,0.02958086
Iceland,ISL,2012,0.027631667
Iceland,ISL,2013,0.032872137
Iceland,ISL,2014,0.03173735
Iceland,ISL,2015,0.0417126
Iceland,ISL,2016,0.055586845
Iceland,ISL,2017,0.05413412
Iceland,ISL,2018,0.12233176
Iceland,ISL,2019,0.13149732
Iceland,ISL,2020,0.22839044
Iceland,ISL,2021,0.065734245
Iceland,ISL,2022,0.115338996
India,IND,1988,0.1885033
India,IND,1989,0.3742294
India,IND,1994,0.059127003
India,IND,1995,0.05047883
India,IND,1996,0.031389892
India,IND,2001,0.025014052
India,IND,2005,0.117556855
India,IND,2007,0.11549296
India,IND,2010,0.19684818
India,IND,2011,0.14233632
India,IND,2012,0.15492302
India,IND,2013,0.1268353
India,IND,2014,0.06295857
India,IND,2015,0.04085616
India,IND,2016,0.025034877
India,IND,2017,0.028088631
India,IND,2018,0.046060495
India,IND,2019,0.048601754
India,IND,2020,0.08174332
India,IND,2021,0.116993114
India,IND,2022,0.098750964
Indonesia,IDN,1989,0.015580024
Indonesia,IDN,1994,0.040450744
Indonesia,IDN,1995,0.08358295
Indonesia,IDN,1996,0.11269593
Indonesia,IDN,2001,0.26856074
Indonesia,IDN,2005,0.30963138
Indonesia,IDN,2007,0.48608327
Indonesia,IDN,2010,0.7648895
Indonesia,IDN,2011,1.1383241
Indonesia,IDN,2012,1.3761971
Indonesia,IDN,2013,1.857884
Indonesia,IDN,2014,1.3902198
Indonesia,IDN,2015,1.0829284
Indonesia,IDN,2016,1.7998474
Indonesia,IDN,2017,1.937347
Indonesia,IDN,2018,1.417253
Indonesia,IDN,2019,1.259277
Indonesia,IDN,2020,0.93570614
Indonesia,IDN,2021,0.8899645
Iran,IRN,2001,0.008963669
Iran,IRN,2005,0.07200285
Iran,IRN,2010,0.08447171
Iran,IRN,2011,0.09103466
Iran,IRN,2013,0.012014385
Iran,IRN,2014,0.02532426
Iran,IRN,2015,0.05294145
Iran,IRN,2016,0.053916354
Iran,IRN,2017,0.05841123
Iran,IRN,2018,0.30076873
Iraq,IRQ,2010,0.0
Iraq,IRQ,2011,0.6718062
Iraq,IRQ,2012,0.046881553
Iraq,IRQ,2013,0.27858567
Iraq,IRQ,2014,0.017929839
Iraq,IRQ,2015,0.005096661
Iraq,IRQ,2016,0.009715944
Ireland,IRL,1994,0.05544687
Ireland,IRL,1995,0.013645534
Ireland,IRL,1996,0.04082976
Ireland,IRL,2001,0.04978869
Ireland,IRL,2005,0.107095264
Ireland,IRL,2007,0.21848166
Ireland,IRL,2010,0.268848
Ireland,IRL,2011,0.26199898
Ireland,IRL,2012,0.25236928
Ireland,IRL,2013,0.0
Ireland,IRL,2014,0.0
Ireland,IRL,2015,0.0
Ireland,IRL,2016,0.0
Ireland,IRL,2017,0.0
Ireland,IRL,2018,0.0
Ireland,IRL,2019,0.0
Ireland,IRL,2020,0.0
Ireland,IRL,2021,1.0034909
Ireland,IRL,2022,0.0
Israel,ISR,1995,0.0
Israel,ISR,1996,5.099007
Israel,ISR,2001,0.0436743
Israel,ISR,2005,0.03646766
Israel,ISR,2007,0.059820212
Israel,ISR,2010,0.08131387
Israel,ISR,2011,0.13393496
Israel,ISR,2012,0.07192323
Israel,ISR,2013,0.069833085
Israel,ISR,2014,0.07131593
Israel,ISR,2015,0.06465511
Israel,ISR,2016,0.11654451
Israel,ISR,2017,0.18504408
Israel,ISR,2018,0.228526
Israel,ISR,2019,0.28843167
Israel,ISR,2020,0.4631618
Israel,ISR,2021,0.39388794
Israel,ISR,2022,0.71266043
Italy,ITA,1994,0.89304864
Italy,ITA,1995,0.5212344
Italy,ITA,1996,0.6824499
Italy,ITA,2001,0.89968497
Italy,ITA,2005,0.0
Italy,ITA,2007,0.0
Italy,ITA,2010,1.7351549
Italy,ITA,2011,1.8439797
Italy,ITA,2012,1.5325996
Italy,ITA,2013,1.5361954
Italy,ITA,2014,1.2612474
Italy,ITA,2015,1.6240444
Italy,ITA,2016,0.0
Italy,ITA,2017,0.0
Italy,ITA,2018,3.047574
Italy,ITA,2019,3.5420012
Italy,ITA,2020,0.0
Italy,ITA,2021,4.2032237
Italy,ITA,2022,4.8836317
Jamaica,JAM,2001,0.010930724
Jamaica,JAM,2005,0.000170581
Jamaica,JAM,2007,0.001169036
Jamaica,JAM,2010,0.00016851981
Jamaica,JAM,2011,0.0015907022
Jamaica,JAM,2012,0.0016658108
Jamaica,JAM,2013,0.00589666
Jamaica,JAM,2014,0.015470024
Jamaica,JAM,2015,0.012964181
Jamaica,JAM,2016,0.025064401
Jamaica,JAM,2017,0.024881516
Jamaica,JAM,2018,0.055957977
Jamaica,JAM,2019,0.18372923
Jamaica,JAM,2020,0.19297399
Jamaica,JAM,2021,0.269101
Jamaica,JAM,2022,0.43443277
Japan,JPN,1988,26.86454
Japan,JPN,1989,16.188635
Japan,JPN,1994,4.0758157
Japan,JPN,1995,4.527961
Japan,JPN,1996,6.3949623
Japan,JPN,2001,8.690241
Japan,JPN,2005,11.255253
Japan,JPN,2007,12.67973
Japan,JPN,2010,10.774238
Japan,JPN,2011,11.158613
Japan,JPN,2012,11.24902
Japan,JPN,2013,13.482205
Japan,JPN,2014,11.978771
Japan,JPN,2015,11.6951685
Japan,JPN,2016,13.499071
Japan,JPN,2017,14.340317
Japan,JPN,2018,14.402662
Japan,JPN,2019,15.439709
Japan,JPN,2020,17.563816
Japan,JPN,2021,12.48532
Japan,JPN,2022,13.382413
Jordan,JOR,1994,0.006371242
Jordan,JOR,1995,0.005545084
Jordan,JOR,2001,0.008108701
Jordan,JOR,2005,0.0049975403
Jordan,JOR,2007,0.0067195417
Jordan,JOR,2010,0.0061094556
Jordan,JOR,2011,0.0127234515
Jordan,JOR,2012,0.002655929
Jordan,JOR,2013,0.0066773174
Jordan,JOR,2014,0.009886255
Jordan,JOR,2015,0.005377414
Jordan,JOR,2016,0.0043474208
Jordan,JOR,2017,0.007845538
Jordan,JOR,2018,0.022780476
Jordan,JOR,2019,0.01609188
Jordan,JOR,2020,0.009430644
Jordan,JOR,2021,0.018035693
Jordan,JOR,2022,0.027148927
Kazakhstan,KAZ,1995,0.08352605
Kazakhstan,KAZ,1996,0.04538596
Kazakhstan,KAZ,2001,0.012424979
Kazakhstan,KAZ,2005,0.10241978
Kazakhstan,KAZ,2007,0.028700266
Kazakhstan,KAZ,2010,0.008634702
Kazakhstan,KAZ,2011,0.03559618
Kazakhstan,KAZ,2012,0.00938236
Kazakhstan,KAZ,2013,0.028829359
Kazakhstan,KAZ,2014,0.010063946
Kazakhstan,KAZ,2015,0.0039802156
Kazakhstan,KAZ,2016,0.014542806
Kazakhstan,KAZ,2017,0.050003175
Kazakhstan,KAZ,2018,0.089242935
Kazakhstan,KAZ,2019,0.13807866
Kazakhstan,KAZ,2020,0.1243029
Kazakhstan,KAZ,2021,0.13449693
Kazakhstan,KAZ,2022,0.1880577
Kenya,KEN,2001,0.00049283315
Kenya,KEN,2005,0.0045249914
Kenya,KEN,2007,0.010149844
Kenya,KEN,2010,0.019310785
Kenya,KEN,2013,0.06268113
Kenya,KEN,2015,0.07166315
Kenya,KEN,2016,0.0577324
Kenya,KEN,2017,0.073797934
Kenya,KEN,2018,0.074739
Kenya,KEN,2019,0.09825041
Kenya,KEN,2020,0.08218544
Kenya,KEN,2021,0.15993884
Kenya,KEN,2022,0.1902821
Kiribati,KIR,2005,3.65242e-05
Kiribati,KIR,2007,6.504023e-05
Kiribati,KIR,2012,1.4733241e-05
Kiribati,KIR,2017,2.5060632e-05
Kuwait,KWT,2007,0.04900516
Kuwait,KWT,2010,0.080955416
Kuwait,KWT,2011,0.09670004
Kuwait,KWT,2013,0.10026544
Kuwait,KWT,2014,0.072707504
Kuwait,KWT,2015,0.06043471
Kuwait,KWT,2016,0.09476955
Kuwait,KWT,2017,0.07900133
Kuwait,KWT,2018,0.21758643
Kuwait,KWT,2019,0.1611398
Kuwait,KWT,2020,0.051524084
Kyrgyzstan,KGZ,1996,0.0
Kyrgyzstan,KGZ,2005,0.0022260726
Kyrgyzstan,KGZ,2007,0.011103259
Kyrgyzstan,KGZ,2010,0.008789194
Kyrgyzstan,KGZ,2011,0.017012827
Kyrgyzstan,KGZ,2012,0.016541796
Kyrgyzstan,KGZ,2013,0.016142897
Kyrgyzstan,KGZ,2014,0.019110719
Kyrgyzstan,KGZ,2015,0.012921405
Kyrgyzstan,KGZ,2016,0.00075236236
Kyrgyzstan,KGZ,2017,0.007419821
Kyrgyzstan,KGZ,2018,0.011553559
Kyrgyzstan,KGZ,2019,0.02911275
Kyrgyzstan,KGZ,2020,0.03799775
Kyrgyzstan,KGZ,2021,0.05405426
Kyrgyzstan,KGZ,2022,0.06098735
Laos,LAO,2010,0.0011533368
Laos,LAO,2011,0.0044323737
Laos,LAO,2012,0.0036874306
Laos,LAO,2013,0.0032115756
Laos,LAO,2014,0.004866574
Laos,LAO,2015,0.006276007
Laos,LAO,2016,0.016966831
Laos,LAO,2017,0.013554661
Laos,LAO,2018,0.011749561
Laos,LAO,2019,0.03774795
Laos,LAO,2020,0.06685653
Laos,LAO,2021,0.052296277
Latvia,LVA,1994,0.0012623294
Latvia,LVA,1995,0.03467172
Latvia,LVA,1996,0.038216125
Latvia,LVA,2001,0.017712189
Latvia,LVA,2005,0.036521
Latvia,LVA,2007,0.03635006
Latvia,LVA,2010,0.044451226
Latvia,LVA,2011,0.06992853
Latvia,LVA,2012,0.06674945
Latvia,LVA,2013,0.056667514
Latvia,LVA,2014,0.0861427
Latvia,LVA,2015,0.0737375
Latvia,LVA,2016,0.11279666
Latvia,LVA,2017,0.12698278
Latvia,LVA,2018,0.17068447
Latvia,LVA,2019,0.26510164
Latvia,LVA,2020,0.38234666
Latvia,LVA,2021,0.2837517
Latvia,LVA,2022,0.46641603
Lebanon,LBN,2001,0.003176713
Lebanon,LBN,2005,0.023474041
Lebanon,LBN,2007,0.015256458
Lebanon,LBN,2010,0.023160143
Lebanon,LBN,2011,0.021720914
Lebanon,LBN,2012,0.027931714
Lebanon,LBN,2013,0.04005644
Lebanon,LBN,2014,0.028173383
Lebanon,LBN,2015,0.020393794
Lebanon,LBN,2016,0.029166706
Lebanon,LBN,2017,0.0628552
Lebanon,LBN,2018,0.097303554
Lebanon,LBN,2019,0.15306827
Lebanon,LBN,2020,0.13729392
Lebanon,LBN,2021,0.17673214
Lebanon,LBN,2022,0.37820184
Lesotho,LSO,2001,0.00016903467
Lesotho,LSO,2010,0.0003512227
Lesotho,LSO,2011,9.3182156e-05
Lesotho,LSO,2012,0.0006927914
Lesotho,LSO,2013,1.8787137e-05
Lesotho,LSO,2014,7.171935e-09
Lesotho,LSO,2015,4.739895e-06
Lesotho,LSO,2016,0.000693996
Lesotho,LSO,2017,0.00013215815
Lesotho,LSO,2018,0.0007573948
Lesotho,LSO,2019,0.0013820252
Lesotho,LSO,2020,2.8461882e-06
Lesotho,LSO,2021,0.00062126055
Libya,LBY,2007,0.0030145973
Libya,LBY,2010,9.071868e-05
Libya,LBY,2016,0.037595045
Libya,LBY,2017,0.042601667
Libya,LBY,2018,0.047406856
Libya,LBY,2019,0.05795879
Lithuania,LTU,1994,0.032745816
Lithuania,LTU,1995,0.0014640128
Lithuania,LTU,1996,0.004907979
Lithuania,LTU,2001,0.013823111
Lithuania,LTU,2005,0.07864639
Lithuania,LTU,2007,0.0
Lithuania,LTU,2010,0.06575589
Lithuania,LTU,2011,0.09028468
Lithuania,LTU,2012,0.117667474
Lithuania,LTU,2013,0.15529688
Lithuania,LTU,2014,0.17377716
Lithuania,LTU,2015,0.20317246
Lithuania,LTU,2016,0.24991283
Lithuania,LTU,2017,0.33196077
Lithuania,LTU,2018,0.49062973
Lithuania,LTU,2019,0.58126885
Lithuania,LTU,2020,0.62023497
Lithuania,LTU,2021,0.78777504
Lithuania,LTU,2022,0.8069164
Luxembourg,LUX,2001,0.3409726
Luxembourg,LUX,2005,0.12873025
Luxembourg,LUX,2007,0.09514589
Luxembourg,LUX,2010,0.051471107
Luxembourg,LUX,2011,0.054411188
Luxembourg,LUX,2012,0.0594204
Luxembourg,LUX,2013,0.100430906
Luxembourg,LUX,2014,0.09485163
Luxembourg,LUX,2015,0.12764227
Luxembourg,LUX,2016,0.1307504
Luxembourg,LUX,2017,0.14594434
Luxembourg,LUX,2018,0.16272946
Luxembourg,LUX,2019,0.1800076
Luxembourg,LUX,2020,0.23119971
Luxembourg,LUX,2021,0.22087689
Luxembourg,LUX,2022,0.2395494
Macao,MAC,1994,0.030089196
Macao,MAC,1995,0.02443119
Macao,MAC,1996,0.027692247
Macao,MAC,2001,0.03221963
Macao,MAC,2005,0.007868551
Macao,MAC,2011,0.013653085
Macao,MAC,2012,0.014435485
Macao,MAC,2013,0.008574585
Macao,MAC,2014,0.008928198
Macao,MAC,2015,0.0057155415
Macao,MAC,2017,0.002033264
Macao,MAC,2018,0.0
Macao,MAC,2019,0.0
Macao,MAC,2020,0.0074977158
Macao,MAC,2021,0.013406406
Madagascar,MDG,2001,4.4319526e-07
Madagascar,MDG,2005,0.00042544206
Madagascar,MDG,2007,0.0002103048
Madagascar,MDG,2010,0.0023724576
Madagascar,MDG,2011,0.002890192
Madagascar,MDG,2012,0.0008089504
Madagascar,MDG,2013,0.0005630637
Madagascar,MDG,2014,0.0008942041
Madagascar,MDG,2015,0.0006415386
Madagascar,MDG,2016,0.00055621524
Madagascar,MDG,2017,0.0009825556
Madagascar,MDG,2018,0.0021321632
Madagascar,MDG,2019,0.0008592547
Madagascar,MDG,2021,4.00684e-05
Madagascar,MDG,2022,3.7288522e-05
Malawi,MWI,2005,0.000173591
Malawi,MWI,2007,2.005609e-05
Malawi,MWI,2010,0.0003281058
Malawi,MWI,2011,0.00037857582
Malawi,MWI,2012,0.00056459504
Malawi,MWI,2013,0.0
Malawi,MWI,2014,0.0007530532
Malawi,MWI,2015,0.0010047704
Malawi,MWI,2016,0.0011072994
Malawi,MWI,2017,0.00296875
Malawi,MWI,2018,0.0013539221
Malawi,MWI,2019,0.00083003996
Malawi,MWI,2020,0.0005501703
Malawi,MWI,2021,0.00060497277
Malaysia,MYS,1989,1.942983
Malaysia,MYS,1994,0.44911918
Malaysia,MYS,1995,0.61042356
Malaysia,MYS,1996,0.6052234
Malaysia,MYS,2001,0.86295426
Malaysia,MYS,2005,1.1160386
Malaysia,MYS,2007,0.89680517
Malaysia,MYS,2010,0.88303274
Malaysia,MYS,2011,1.052384
Malaysia,MYS,2012,1.3281304
Malaysia,MYS,2013,2.0106986
Malaysia,MYS,2014,1.7715195
Malaysia,MYS,2015,1.3271053
Malaysia,MYS,2016,1.4465389
Malaysia,MYS,2017,1.6612655
Malaysia,MYS,2018,0.0
Malaysia,MYS,2019,0.67649025
Malaysia,MYS,2020,0.4071893
Malaysia,MYS,2021,0.42984477
Malaysia,MYS,2022,0.3810773
Maldives,MDV,2005,0.00029780946
Maldives,MDV,2007,6.2123734e-05
Maldives,MDV,2010,0.00016434543
Maldives,MDV,2011,0.002066853
Maldives,MDV,2012,0.0012302794
Maldives,MDV,2013,0.0017717246
Maldives,MDV,2014,0.0030703773
Maldives,MDV,2015,0.0012888873
Maldives,MDV,2016,0.0030729258
Maldives,MDV,2017,0.0043523433
Maldives,MDV,2018,0.002696399
Maldives,MDV,2019,0.0040728673
Maldives,MDV,2021,0.0063107735
Maldives,MDV,2022,0.012292863
Mali,MLI,1996,0.0014826836
Mali,MLI,2007,0.0036368375
Mali,MLI,2010,0.001606641
Mali,MLI,2011,0.0030026156
Mali,MLI,2012,0.0038647875
Mali,MLI,2016,0.0071267905
Mali,MLI,2017,0.010967263
Mali,MLI,2018,0.029974839
Mali,MLI,2019,0.047074042
Malta,MLT,1994,0.0
Malta,MLT,1995,0.008699116
Malta,MLT,1996,0.010976052
Malta,MLT,2001,0.015102234
Malta,MLT,2005,0.011531415
Malta,MLT,2007,0.00067643344
Malta,MLT,2010,0.0063004117
Malta,MLT,2011,0.013933266
Malta,MLT,2012,0.023953099
Malta,MLT,2013,0.029802924
Malta,MLT,2014,0.03387202
Malta,MLT,2015,0.026759008
Malta,MLT,2016,0.050694168
Malta,MLT,2017,0.047893725
Malta,MLT,2018,0.053866852
Malta,MLT,2019,0.03734391
Malta,MLT,2020,0.027674772
Malta,MLT,2021,0.05273691
Malta,MLT,2022,0.025671318
Mauritania,MRT,2016,0.0021062205
Mauritania,MRT,2017,0.010429684
Mauritania,MRT,2018,0.024678081
Mauritania,MRT,2019,0.015225305
Mauritania,MRT,2020,0.09192869
Mauritania,MRT,2021,0.13363393
Mauritania,MRT,2022,0.2698244
Mauritius,MUS,1994,0.000748791
Mauritius,MUS,2001,0.0004089363
Mauritius,MUS,2005,0.0037210225
Mauritius,MUS,2007,0.0016901433
Mauritius,MUS,2010,0.007011114
Mauritius,MUS,2011,0.0074777096
Mauritius,MUS,2012,0.007205281
Mauritius,MUS,2013,0.009090711
Mauritius,MUS,2014,0.011016114
Mauritius,MUS,2015,0.01108866
Mauritius,MUS,2016,0.011650796
Mauritius,MUS,2017,0.01806281
Mauritius,MUS,2018,0.026044855
Mauritius,MUS,2019,0.03039005
Mauritius,MUS,2020,0.031589866
Mauritius,MUS,2021,0.029509896
Mauritius,MUS,2022,0.0384714
Mexico,MEX,1994,7.7225842
Mexico,MEX,1995,10.619567
Mexico,MEX,1996,9.209377
Mexico,MEX,2001,2.8459573
Mexico,MEX,2005,3.2048292
Mexico,MEX,2007,3.5071115
Mexico,MEX,2010,2.7216976
Mexico,MEX,2011,3.024483
Mexico,MEX,2012,3.5095143
Mexico,MEX,2013,4.145247
Mexico,MEX,2014,0.0
Mexico,MEX,2015,0.0
Mexico,MEX,2016,0.0
Mexico,MEX,2017,0.0
Mexico,MEX,2018,0.0
Mexico,MEX,2019,0.0
Mexico,MEX,2020,0.0
Mexico,MEX,2021,0.0
Mexico,MEX,2022,0.0
Moldova,MDA,1994,0.0002201886
Moldova,MDA,1995,0.0006153338
Moldova,MDA,1996,0.0014750159
Moldova,MDA,2001,0.0005038022
Moldova,MDA,2005,1.0636052e-08
Moldova,MDA,2010,0.0006026941
Moldova,MDA,2011,0.00018877492
Moldova,MDA,2012,0.00014857587
Moldova,MDA,2013,0.0015089321
Moldova,MDA,2014,0.00083129905
Moldova,MDA,2015,0.0016934529
Moldova,MDA,2016,0.0036342405
Moldova,MDA,2017,0.005231768
Moldova,MDA,2018,0.006326411
Moldova,MDA,2019,0.0030552347
Moldova,MDA,2020,0.003632314
Moldova,MDA,2021,0.0054801553
Moldova,MDA,2022,0.008696966
Mongolia,MNG,2001,0.0021051776
Mongolia,MNG,2005,0.041891843
Mongolia,MNG,2007,0.039911024
Mongolia,MNG,2013,0.057314888
Mongolia,MNG,2014,0.049450494
Mongolia,MNG,2015,0.05105919
Mongolia,MNG,2016,0.0547119
Mongolia,MNG,2017,0.05284152
Mongolia,MNG,2018,0.004258439
Mongolia,MNG,2019,0.01832309
Montenegro,MNE,2007,6.902637e-05
Montenegro,MNE,2010,0.0021521822
Montenegro,MNE,2011,0.002577578
Montenegro,MNE,2012,0.0042444104
Montenegro,MNE,2013,0.0046881754
Montenegro,MNE,2014,0.0049325414
Montenegro,MNE,2015,0.003384445
Montenegro,MNE,2016,0.0058630286
Montenegro,MNE,2017,0.006112816
Montenegro,MNE,2018,0.0049444903
Montenegro,MNE,2019,0.007298131
Montenegro,MNE,2020,0.0036622095
Montenegro,MNE,2021,0.019362513
Montenegro,MNE,2022,0.019749736
Montserrat,MSR,2013,2.8058987e-06
Morocco,MAR,1994,0.00066069793
Morocco,MAR,1995,0.0013965684
Morocco,MAR,2001,0.011755644
Morocco,MAR,2005,0.009002685
Morocco,MAR,2007,0.019285634
Morocco,MAR,2010,0.016549611
Morocco,MAR,2011,0.06279877
Morocco,MAR,2012,0.09649916
Morocco,MAR,2013,0.12131309
Morocco,MAR,2014,0.119759746
Morocco,MAR,2015,0.13797317
Morocco,MAR,2016,0.10921357
Morocco,MAR,2017,0.0723709
Morocco,MAR,2018,0.06048585
Morocco,MAR,2019,0.062240753
Morocco,MAR,2020,0.06476998
Morocco,MAR,2021,0.12893724
Morocco,MAR,2022,0.12904912
Mozambique,MOZ,2005,3.1078544e-05
Mozambique,MOZ,2010,2.1101952e-05
Mozambique,MOZ,2011,0.00063613727
Mozambique,MOZ,2012,0.0026607348
Mozambique,MOZ,2013,0.0012321903
Mozambique,MOZ,2014,0.004989824
Mozambique,MOZ,2015,0.00068285066
Mozambique,MOZ,2016,0.0
Mozambique,MOZ,2017,0.0021344463
Mozambique,MOZ,2018,0.009460365
Mozambique,MOZ,2019,0.02797099
Mozambique,MOZ,2020,0.031460993
Mozambique,MOZ,2021,0.02961239
Mozambique,MOZ,2022,0.046440173
Myanmar,MMR,2011,0.16683269
Myanmar,MMR,2013,0.021887181
Myanmar,MMR,2014,0.00096564955
Myanmar,MMR,2015,0.0027244436
Myanmar,MMR,2016,0.015789513
Myanmar,MMR,2017,0.3971913
Myanmar,MMR,2018,0.16503929
Myanmar,MMR,2019,0.105221115
Myanmar,MMR,2020,0.15514714
Myanmar,MMR,2021,0.054193597
Myanmar,MMR,2022,0.11387898
Namibia,NAM,2001,0.00046606414
Namibia,NAM,2005,0.00967484
Namibia,NAM,2007,0.008028177
Namibia,NAM,2010,0.010279372
Namibia,NAM,2011,0.0127829695
Namibia,NAM,2012,0.012604745
Namibia,NAM,2013,0.014876474
Namibia,NAM,2014,0.011101281
Namibia,NAM,2015,0.015860774
Namibia,NAM,2016,0.011749732
Namibia,NAM,2017,0.015263731
Namibia,NAM,2018,0.0
Namibia,NAM,2019,0.0
Namibia,NAM,2020,0.05035808
Namibia,NAM,2021,0.05957241
Namibia,NAM,2022,0.07410299
Nepal,NPL,2013,0.00022582673
Nepal,NPL,2014,0.004381407
Nepal,NPL,2015,0.004149483
Nepal,NPL,2016,0.0096810935
Nepal,NPL,2017,0.0038649647
Nepal,NPL,2018,0.0141883185
Nepal,NPL,2019,0.0070407325
Nepal,NPL,2020,0.00016049933
Nepal,NPL,2022,0.00019000522
Netherlands,NLD,1994,10.3434515
Netherlands,NLD,1995,5.6182003
Netherlands,NLD,1996,5.6540446
Netherlands,NLD,2001,5.90739
Netherlands,NLD,2005,3.8245254
Netherlands,NLD,2007,3.4430478
Netherlands,NLD,2010,2.374046
Netherlands,NLD,2011,2.6071212
Netherlands,NLD,2012,2.8637187
Netherlands,NLD,2013,3.662545
Netherlands,NLD,2014,0.0
Netherlands,NLD,2015,3.6786466
Netherlands,NLD,2016,4.334139
Netherlands,NLD,2017,3.8413937
Netherlands,NLD,2018,4.884216
Netherlands,NLD,2019,6.664652
Netherlands,NLD,2020,8.843155
Netherlands,NLD,2021,12.367329
Netherlands,NLD,2022,16.053516
New Caledonia,NCL,2007,4.7340727e-05
New Caledonia,NCL,2010,0.0010537632
New Caledonia,NCL,2011,0.00042434002
New Caledonia,NCL,2012,0.00071276765
New Caledonia,NCL,2013,0.0012467811
New Caledonia,NCL,2014,0.00053746486
New Caledonia,NCL,2015,0.0003012855
New Zealand,NZL,1989,0.17419364
New Zealand,NZL,1994,0.11591708
New Zealand,NZL,1995,0.1292327
New Zealand,NZL,1996,0.16648105
New Zealand,NZL,2001,0.20479895
New Zealand,NZL,2005,0.2551607
New Zealand,NZL,2007,0.27825794
New Zealand,NZL,2010,0.25913945
New Zealand,NZL,2011,0.31072712
New Zealand,NZL,2012,0.29740727
New Zealand,NZL,2013,0.34085706
New Zealand,NZL,2014,0.3458521
New Zealand,NZL,2015,0.34382588
New Zealand,NZL,2016,0.49048755
New Zealand,NZL,2017,0.41578057
New Zealand,NZL,2018,0.52553856
New Zealand,NZL,2019,0.654067
New Zealand,NZL,2020,0.48386598
New Zealand,NZL,2021,0.40774992
New Zealand,NZL,2022,0.49921322
Nicaragua,NIC,1994,0.00096902356
Nicaragua,NIC,1995,0.03470863
Nicaragua,NIC,1996,0.032044604
Nicaragua,NIC,2001,0.0043273587
Nicaragua,NIC,2005,0.015794218
Nicaragua,NIC,2007,0.04417458
Nicaragua,NIC,2010,0.034453966
Nicaragua,NIC,2011,0.041150454
Nicaragua,NIC,2012,0.060057662
Nicaragua,NIC,2013,0.0885447
Nicaragua,NIC,2014,0.099007204
Nicaragua,NIC,2015,0.09415466
Nicaragua,NIC,2016,0.1065266
Nicaragua,NIC,2017,0.1137905
Nicaragua,NIC,2018,0.15447967
Nicaragua,NIC,2019,0.20053975
Nicaragua,NIC,2020,0.24640027
Nicaragua,NIC,2021,0.23771906
Nicaragua,NIC,2022,0.2689728
Niger,NER,1996,0.000225029
Niger,NER,2005,0.00095724466
Niger,NER,2007,0.0013370726
Niger,NER,2010,0.00031274935
Niger,NER,2011,0.00017783145
Niger,NER,2012,0.00017408347
Niger,NER,2015,0.00017838314
Niger,NER,2016,0.00024442805
Niger,NER,2018,0.00035725159
Niger,NER,2021,0.0007512825
Niger,NER,2022,0.0019000521
Nigeria,NGA,2010,0.00041940954
Nigeria,NGA,2011,0.0001060149
Nigeria,NGA,2013,0.035546433
Nigeria,NGA,2014,0.006139377
Nigeria,NGA,2015,0.010070116
Nigeria,NGA,2016,0.001710121
Nigeria,NGA,2017,0.0030798626
Nigeria,NGA,2018,0.030934416
Nigeria,NGA,2019,0.035248585
Nigeria,NGA,2020,1.5972863
Nigeria,NGA,2021,0.86042404
Nigeria,NGA,2022,0.39620066
North Macedonia,MKD,1995,0.0022065656
North Macedonia,MKD,1996,0.015175392
North Macedonia,MKD,2001,0.02230706
North Macedonia,MKD,2005,0.0062510096
North Macedonia,MKD,2007,0.02526183
North Macedonia,MKD,2010,0.007557326
North Macedonia,MKD,2011,0.018675037
North Macedonia,MKD,2012,0.042418033
North Macedonia,MKD,2013,0.0515845
North Macedonia,MKD,2014,0.043896362
North Macedonia,MKD,2015,0.043081865
North Macedonia,MKD,2016,0.05445831
North Macedonia,MKD,2017,0.05458219
North Macedonia,MKD,2018,0.084719315
North Macedonia,MKD,2019,0.13440052
North Macedonia,MKD,2020,0.07440752
North Macedonia,MKD,2021,0.064298786
North Macedonia,MKD,2022,0.11863415
Norway,NOR,1994,0.19257349
Norway,NOR,1995,0.20759465
Norway,NOR,1996,0.3894683
Norway,NOR,2001,0.4186592
Norway,NOR,2005,0.27561295
Norway,NOR,2007,0.38968256
Norway,NOR,2010,0.21973231
Norway,NOR,2011,0.2798222
Norway,NOR,2012,0.3426583
Norway,NOR,2013,0.45971248
Norway,NOR,2014,0.42853266
Norway,NOR,2015,0.39712223
Norway,NOR,2016,0.5067921
Norway,NOR,2017,0.5995217
Norway,NOR,2018,0.81634754
Norway,NOR,2019,1.1117347
Norway,NOR,2020,1.5273676
Norway,NOR,2021,1.5329077
Norway,NOR,2022,1.638583
Oman,OMN,1989,0.0004475604
Oman,OMN,1994,0.004845118
Oman,OMN,1995,0.0016409393
Oman,OMN,1996,0.0013555964
Oman,OMN,2005,0.003975948
Oman,OMN,2007,0.011648476
Oman,OMN,2010,0.027388804
Oman,OMN,2011,0.02615742
Oman,OMN,2012,0.016626699
Oman,OMN,2013,0.021835897
Oman,OMN,2014,0.031104455
Oman,OMN,2015,0.029050475
Oman,OMN,2016,0.03811753
Oman,OMN,2017,0.032995276
Oman,OMN,2018,0.022859229
Oman,OMN,2019,0.022736222
Oman,OMN,2020,0.03683413
Oman,OMN,2021,0.045771737
Pakistan,PAK,2005,0.04924092
Pakistan,PAK,2007,0.18022217
Pakistan,PAK,2010,0.23176272
Pakistan,PAK,2011,0.32122895
Pakistan,PAK,2012,0.20841761
Pakistan,PAK,2013,0.3567843
Pakistan,PAK,2014,0.2993644
Pakistan,PAK,2015,0.21993513
Pakistan,PAK,2016,0.18030328
Pakistan,PAK,2017,0.4031433
Pakistan,PAK,2018,0.24035086
Pakistan,PAK,2019,0.12289298
Pakistan,PAK,2020,0.091807336
Pakistan,PAK,2021,0.08283166
Palau,PLW,2012,8.196038e-05
Palau,PLW,2014,8.6063224e-08
Palau,PLW,2015,5.096661e-08
Palau,PLW,2016,0.00028649214
Palau,PLW,2017,0.0011690066
Palau,PLW,2018,0.0013244031
Palestine,PSE,2015,0.00011793674
Palestine,PSE,2016,0.0003452387
Palestine,PSE,2019,0.00069136615
Panama,PAN,1995,0.010751988
Panama,PAN,1996,0.023418097
Panama,PAN,2001,0.05731386
Panama,PAN,2005,0.045838438
Panama,PAN,2007,0.05462473
Panama,PAN,2010,0.029131534
Panama,PAN,2011,0.02524338
Panama,PAN,2012,0.03669398
Panama,PAN,2013,0.04594393
Panama,PAN,2014,0.045066774
Panama,PAN,2015,0.03507583
Panama,PAN,2016,0.049693953
Panama,PAN,2017,0.067480214
Panama,PAN,2018,0.06848913
Panama,PAN,2019,0.038002532
Panama,PAN,2020,0.07098784
Panama,PAN,2021,0.14106804
Panama,PAN,2022,0.099365845
Papua New Guinea,PNG,2001,0.00090910436
Papua New Guinea,PNG,2011,8.720581e-05
Papua New Guinea,PNG,2012,5.565294e-06
Paraguay,PRY,1994,2.0701868e-06
Paraguay,PRY,1995,0.018548144
Paraguay,PRY,1996,0.004789068
Paraguay,PRY,2001,0.026360434
Paraguay,PRY,2005,0.07853173
Paraguay,PRY,2007,0.09147923
Paraguay,PRY,2010,0.027975556
Paraguay,PRY,2011,0.023691615
Paraguay,PRY,2012,0.017114496
Paraguay,PRY,2013,0.025015846
Paraguay,PRY,2014,0.00049908063
Paraguay,PRY,2015,0.0070160786
Paraguay,PRY,2016,0.009603048
Paraguay,PRY,2017,0.024146603
Paraguay,PRY,2018,0.027620936
Paraguay,PRY,2019,0.013589471
Paraguay,PRY,2020,0.02148123
Paraguay,PRY,2021,0.0
Paraguay,PRY,2022,0.015636124
Peru,PER,1994,0.00025877333
Peru,PER,1996,0.001525046
Peru,PER,2001,0.004721736
Peru,PER,2005,0.0031487395
Peru,PER,2007,0.0014090573
Peru,PER,2010,0.004546751
Peru,PER,2011,0.005035858
Peru,PER,2012,0.0050624874
Peru,PER,2013,0.0068953275
Peru,PER,2014,0.007887054
Peru,PER,2015,0.007953187
Peru,PER,2016,0.007441455
Peru,PER,2017,0.009697089
Peru,PER,2018,0.0039105173
Peru,PER,2019,0.01421087
Peru,PER,2020,0.00535062
Peru,PER,2021,0.016257962
Philippines,PHL,1996,0.2525105
Philippines,PHL,2001,0.4390141
Philippines,PHL,2005,0.85128033
Philippines,PHL,2007,0.81409013
Philippines,PHL,2010,0.8618898
Philippines,PHL,2011,1.0391415
Philippines,PHL,2012,0.8288978
Philippines,PHL,2013,0.43430054
Philippines,PHL,2014,0.9817262
Philippines,PHL,2015,0.8483794
Philippines,PHL,2016,1.1998538
Philippines,PHL,2017,0.75932056
Philippines,PHL,2018,0.9305189
Philippines,PHL,2019,2.2825348
Philippines,PHL,2020,1.6085919
Philippines,PHL,2021,2.105446
Philippines,PHL,2022,2.174393
Poland,POL,1994,0.30629957
Poland,POL,1995,0.27071974
Poland,POL,1996,0.22272682
Poland,POL,2001,0.25881466
Poland,POL,2005,0.4259521
Poland,POL,2007,0.49421266
Poland,POL,2010,0.7069523
Poland,POL,2011,0.7026806
Poland,POL,2012,0.6808831
Poland,POL,2013,0.7971214
Poland,POL,2014,0.9957098
Poland,POL,2015,1.2113885
Poland,POL,2016,1.6993994
Poland,POL,2017,1.6680374
Poland,POL,2018,2.2616332
Poland,POL,2019,2.8514202
Poland,POL,2020,3.3360612
Poland,POL,2021,0.0
Poland,POL,2022,4.0500207
Portugal,PRT,1988,1.1102347
Portugal,PRT,1989,1.0229615
Portugal,PRT,1994,0.15422477
Portugal,PRT,1995,0.21919273
Portugal,PRT,1996,0.20286818
Portugal,PRT,2001,0.16265127
Portugal,PRT,2005,0.15993203
Portugal,PRT,2007,0.21181513
Portugal,PRT,2010,0.41179788
Portugal,PRT,2011,0.40890962
Portugal,PRT,2012,0.42890412
Portugal,PRT,2013,0.4702908
Portugal,PRT,2014,0.45053846
Portugal,PRT,2015,0.43907577
Portugal,PRT,2016,0.63908494
Portugal,PRT,2017,0.5306982
Portugal,PRT,2018,0.6911443
Portugal,PRT,2019,0.90736437
Portugal,PRT,2020,1.1342641
Portugal,PRT,2021,1.3193332
Portugal,PRT,2022,1.5548168
Qatar,QAT,2001,0.0011551441
Qatar,QAT,2005,0.004398688
Qatar,QAT,2007,0.0074573383
Qatar,QAT,2012,0.0
Qatar,QAT,2013,0.0
Qatar,QAT,2015,0.0
Qatar,QAT,2016,0.0
Qatar,QAT,2017,0.0
Qatar,QAT,2018,0.0
Qatar,QAT,2019,0.0
Qatar,QAT,2020,0.0
Qatar,QAT,2021,0.0
Qatar,QAT,2022,0.0
Romania,ROU,1994,0.0032153965
Romania,ROU,1995,0.005568131
Romania,ROU,1996,0.0062272707
Romania,ROU,2001,0.0330289
Romania,ROU,2005,0.19320431
Romania,ROU,2007,0.10945841
Romania,ROU,2010,0.19834407
Romania,ROU,2011,0.19984399
Romania,ROU,2012,0.24802326
Romania,ROU,2013,0.2600762
Romania,ROU,2014,0.22593108
Romania,ROU,2015,0.189561
Romania,ROU,2016,0.22062597
Romania,ROU,2017,0.29982457
Romania,ROU,2018,0.0
Romania,ROU,2019,0.58234996
Romania,ROU,2020,0.0
Romania,ROU,2021,0.74138165
Romania,ROU,2022,0.88365537
Russia,RUS,1996,0.4656227
Russia,RUS,2001,0.03213558
Russia,RUS,2005,0.04574121
Russia,RUS,2007,0.080937825
Russia,RUS,2010,0.10688029
Russia,RUS,2011,0.06801636
Russia,RUS,2012,0.090978056
Russia,RUS,2013,0.07511293
Russia,RUS,2014,0.07440455
Russia,RUS,2015,0.073293366
Russia,RUS,2016,0.09095809
Russia,RUS,2017,0.12195779
Russia,RUS,2018,0.35351712
Russia,RUS,2019,0.40338215
Russia,RUS,2020,0.54878587
Russia,RUS,2021,0.7181537
Rwanda,RWA,2011,6.8396716e-05
Rwanda,RWA,2012,0.00023109412
Rwanda,RWA,2013,0.001975513
Rwanda,RWA,2014,0.002490053
Rwanda,RWA,2015,0.0020015317
Rwanda,RWA,2016,0.0036246926
Rwanda,RWA,2017,0.0034746798
Rwanda,RWA,2018,0.0021568378
Rwanda,RWA,2019,0.014443814
Rwanda,RWA,2020,0.038631428
Rwanda,RWA,2021,0.03355977
Rwanda,RWA,2022,0.022884775
Saint Lucia,LCA,1994,4.448699e-06
Saint Lucia,LCA,1995,0.00036414101
Saint Lucia,LCA,2005,0.00060852047
Saint Lucia,LCA,2007,0.00054582645
Saint Lucia,LCA,2011,0.00058431993
Saint Lucia,LCA,2012,0.00027388238
Saint Lucia,LCA,2013,0.00021966177
Saint Lucia,LCA,2014,0.00040444697
Saint Lucia,LCA,2015,4.8054233e-05
Saint Lucia,LCA,2016,0.0004245399
Saint Lucia,LCA,2017,0.0003946111
Saint Lucia,LCA,2018,0.0006452707
Saint Lucia,LCA,2020,0.00032967422
Saint Vincent and the Grenadines,VCT,2001,1.9943786e-06
Saint Vincent and the Grenadines,VCT,2007,0.00012861803
Saint Vincent and the Grenadines,VCT,2010,0.00017078777
Saint Vincent and the Grenadines,VCT,2011,0.00012493343
Saint Vincent and the Grenadines,VCT,2012,1.5123081e-06
Saint Vincent and the Grenadines,VCT,2013,0.0003001526
Saint Vincent and the Grenadines,VCT,2014,0.0007152521
Saint Vincent and the Grenadines,VCT,2015,0.0006659006
Saint Vincent and the Grenadines,VCT,2016,0.0013581987
Saint Vincent and the Grenadines,VCT,2017,0.0029453074
Saint Vincent and the Grenadines,VCT,2018,0.0029508981
Saint Vincent and the Grenadines,VCT,2019,0.002283112
Saint Vincent and the Grenadines,VCT,2020,0.0037239057
Saint Vincent and the Grenadines,VCT,2021,0.0045713037
Samoa,WSM,2001,4.4319526e-07
Samoa,WSM,2005,9.572446e-05
Samoa,WSM,2010,0.00013147635
Samoa,WSM,2011,7.2500516e-05
Samoa,WSM,2013,6.413482e-05
Samoa,WSM,2018,6.501979e-06
Samoa,WSM,2019,2.577764e-07
Sao Tome and Principe,STP,2018,2.029189e-06
Saudi Arabia,SAU,1994,0.037442278
Saudi Arabia,SAU,1995,0.15945417
Saudi Arabia,SAU,1996,0.20150869
Saudi Arabia,SAU,2001,0.21078368
Saudi Arabia,SAU,2005,0.24998978
Saudi Arabia,SAU,2007,0.18419011
Saudi Arabia,SAU,2010,0.5597605
Saudi Arabia,SAU,2011,0.6490164
Saudi Arabia,SAU,2012,0.70269907
Saudi Arabia,SAU,2013,0.72183746
Saudi Arabia,SAU,2014,0.4957959
Saudi Arabia,SAU,2015,0.52614343
Saudi Arabia,SAU,2016,0.77574605
Saudi Arabia,SAU,2017,0.806655
Saudi Arabia,SAU,2018,0.6632026
Saudi Arabia,SAU,2019,0.6528792
Saudi Arabia,SAU,2020,0.5024983
Saudi Arabia,SAU,2021,0.61648977
Senegal,SEN,2007,0.00026144786
Senegal,SEN,2010,0.00022523213
Senegal,SEN,2011,0.002702648
Senegal,SEN,2012,0.002366695
Senegal,SEN,2013,0.0034781918
Senegal,SEN,2014,0.009899674
Senegal,SEN,2015,0.0094405385
Senegal,SEN,2016,0.016239649
Senegal,SEN,2017,0.018254625
Senegal,SEN,2018,0.035668284
Senegal,SEN,2019,0.06452401
Senegal,SEN,2020,0.09935295
Senegal,SEN,2021,0.062079296
Senegal,SEN,2022,0.070690826
Serbia,SRB,2007,0.017979784
Serbia,SRB,2010,0.03367497
Serbia,SRB,2011,0.040890038
Serbia,SRB,2012,0.0869594
Serbia,SRB,2013,0.12568943
Serbia,SRB,2014,0.11077138
Serbia,SRB,2015,0.07757439
Serbia,SRB,2016,0.12375959
Serbia,SRB,2017,0.09096707
Serbia,SRB,2018,0.16320181
Serbia,SRB,2019,0.0
Serbia,SRB,2020,0.16606791
Serbia,SRB,2021,0.09222476
Serbia,SRB,2022,0.06943953
Serbia and Montenegro,OWID_SRM,1996,0.01330179
Serbia and Montenegro,OWID_SRM,2001,0.005067406
Sierra Leone,SLE,2014,1.004071e-06
Sierra Leone,SLE,2017,0.00013824913
Singapore,SGP,1989,4.885654
Singapore,SGP,1994,1.4767107
Singapore,SGP,1995,0.8006925
Singapore,SGP,1996,0.8871289
Singapore,SGP,2001,0.61036736
Singapore,SGP,2005,0.4278305
Singapore,SGP,2007,0.4679488
Singapore,SGP,2010,0.3641145
Singapore,SGP,2011,0.42710686
Singapore,SGP,2012,0.46742937
Singapore,SGP,2013,0.73921984
Singapore,SGP,2014,0.5813986
Singapore,SGP,2015,0.4535005
Singapore,SGP,2016,0.54170215
Singapore,SGP,2017,0.5648667
Singapore,SGP,2018,0.63055676
Singapore,SGP,2019,0.0
Singapore,SGP,2020,0.74266994
Singapore,SGP,2021,0.64979005
Singapore,SGP,2022,0.82438916
Slovakia,SVK,1994,0.1649742
Slovakia,SVK,1995,0.101732746
Slovakia,SVK,1996,0.09312405
Slovakia,SVK,2001,0.039770596
Slovakia,SVK,2005,0.094128296
Slovakia,SVK,2007,0.75740635
Slovakia,SVK,2010,0.015735649
Slovakia,SVK,2011,0.0534934
Slovakia,SVK,2012,0.08223234
Slovakia,SVK,2013,0.34358093
Slovakia,SVK,2014,0.29896504
Slovakia,SVK,2015,0.3481849
Slovakia,SVK,2016,0.0
Slovakia,SVK,2017,0.0
Slovakia,SVK,2018,0.5194642
Slovakia,SVK,2019,0.0
Slovakia,SVK,2020,0.0
Slovakia,SVK,2021,0.84149766
Slovakia,SVK,2022,0.8561058
Slovenia,SVN,1994,0.09398754
Slovenia,SVN,1995,0.116982006
Slovenia,SVN,1996,0.27852675
Slovenia,SVN,2001,0.14349923
Slovenia,SVN,2005,0.08628371
Slovenia,SVN,2007,0.122432575
Slovenia,SVN,2010,0.23246391
Slovenia,SVN,2011,0.19271888
Slovenia,SVN,2012,0.46546403
Slovenia,SVN,2013,0.57395685
Slovenia,SVN,2014,0.69984776
Slovenia,SVN,2015,0.7561156
Slovenia,SVN,2016,0.945351
Slovenia,SVN,2017,1.0771371
Slovenia,SVN,2018,1.7458476
Slovenia,SVN,2019,2.2941356
Slovenia,SVN,2020,3.8929648
Slovenia,SVN,2021,2.6056895
Slovenia,SVN,2022,2.8376386
Solomon Islands,SLB,2013,0.0
South Africa,ZAF,2001,0.02977058
South Africa,ZAF,2005,0.12774126
South Africa,ZAF,2007,0.061517727
South Africa,ZAF,2010,0.061817322
South Africa,ZAF,2011,0.09023609
South Africa,ZAF,2012,0.10142767
South Africa,ZAF,2013,0.15186898
South Africa,ZAF,2014,0.22295159
South Africa,ZAF,2015,0.12904198
South Africa,ZAF,2016,0.0
South Africa,ZAF,2017,0.20984638
South Africa,ZAF,2018,0.16276225
South Africa,ZAF,2019,0.036618944
South Africa,ZAF,2020,0.04449305
South Africa,ZAF,2021,0.031001544
South Africa,ZAF,2022,0.06932665
South Korea,KOR,1988,2.5204234
South Korea,KOR,1989,1.6813617
South Korea,KOR,1994,0.40341896
South Korea,KOR,1995,0.39748698
South Korea,KOR,1996,0.18738434
South Korea,KOR,2001,0.9696437
South Korea,KOR,2005,2.494645
South Korea,KOR,2007,2.7122884
South Korea,KOR,2010,1.3249449
South Korea,KOR,2011,1.1036382
South Korea,KOR,2012,1.2298421
South Korea,KOR,2013,1.4694211
South Korea,KOR,2014,1.3831178
South Korea,KOR,2015,1.365974
South Korea,KOR,2016,1.8461704
South Korea,KOR,2017,1.9993225
South Korea,KOR,2018,0.96439767
South Korea,KOR,2019,0.5907061
South Korea,KOR,2020,0.0
South Korea,KOR,2021,0.0
South Korea,KOR,2022,0.0
Spain,ESP,1989,3.1907256
Spain,ESP,1994,0.37265155
Spain,ESP,1995,0.25003976
Spain,ESP,1996,0.5510764
Spain,ESP,2001,0.0
Spain,ESP,2005,0.9299682
Spain,ESP,2007,0.9082456
Spain,ESP,2010,1.4337816
Spain,ESP,2011,0.0
Spain,ESP,2012,1.6230258
Spain,ESP,2013,0.0
Spain,ESP,2014,2.5781963
Spain,ESP,2015,2.403895
Spain,ESP,2016,2.8191874
Spain,ESP,2017,3.0332103
Spain,ESP,2018,2.2499819
Spain,ESP,2019,1.5840225
Spain,ESP,2020,0.0
Spain,ESP,2021,0.0
Spain,ESP,2022,0.0
Sri Lanka,LKA,1994,0.0024666055
Sri Lanka,LKA,2001,0.003117081
Sri Lanka,LKA,2005,0.0039123655
Sri Lanka,LKA,2007,0.004215765
Sri Lanka,LKA,2010,0.007936886
Sri Lanka,LKA,2011,0.0068312036
Sri Lanka,LKA,2012,0.008507675
Sri Lanka,LKA,2013,0.012781887
Sri Lanka,LKA,2014,0.0105754705
Sri Lanka,LKA,2015,0.008406958
Sri Lanka,LKA,2016,0.011322177
Sri Lanka,LKA,2017,0.009828059
Sri Lanka,LKA,2019,0.014002659
Sri Lanka,LKA,2020,0.010344764
Sri Lanka,LKA,2021,0.0033130778
Sri Lanka,LKA,2022,0.005676501
Sudan,SDN,2012,0.015452752
Sudan,SDN,2013,0.034777675
Sudan,SDN,2014,0.05695859
Sudan,SDN,2015,0.06623118
Sudan,SDN,2016,0.074806064
Sudan,SDN,2017,0.12597221
Sudan,SDN,2018,0.16352043
Suriname,SUR,2010,0.00128881
Suriname,SUR,2011,0.0019184594
Suriname,SUR,2012,0.0028948938
Suriname,SUR,2013,0.0032909182
Suriname,SUR,2014,0.004116691
Suriname,SUR,2017,0.008788838
Suriname,SUR,2021,0.011502837
Suriname,SUR,2022,0.016100615
Sweden,SWE,1994,0.845429
Sweden,SWE,1995,0.7798947
Sweden,SWE,1996,0.65371954
Sweden,SWE,2001,0.6179462
Sweden,SWE,2005,0.45141786
Sweden,SWE,2007,0.56924486
Sweden,SWE,2010,0.59567964
Sweden,SWE,2011,0.7819444
Sweden,SWE,2012,0.73988837
Sweden,SWE,2013,0.90218896
Sweden,SWE,2014,0.71625054
Sweden,SWE,2015,0.635798
Sweden,SWE,2016,0.8570336
Sweden,SWE,2017,0.8273085
Sweden,SWE,2018,1.1412193
Sweden,SWE,2019,1.5556469
Sweden,SWE,2020,2.3863926
Sweden,SWE,2021,2.6402378
Sweden,SWE,2022,2.6568465
Switzerland,CHE,1988,6.7033134
Switzerland,CHE,1989,5.9738154
Switzerland,CHE,1994,1.1518804
Switzerland,CHE,1995,1.1438915
Switzerland,CHE,1996,1.0666417
Switzerland,CHE,2001,1.0790383
Switzerland,CHE,2005,0.0
Switzerland,CHE,2007,0.0
Switzerland,CHE,2010,0.61756426
Switzerland,CHE,2011,0.70351416
Switzerland,CHE,2012,0.75106645
Switzerland,CHE,2013,0.9733958
Switzerland,CHE,2014,0.7545766
Switzerland,CHE,2015,0.0
Switzerland,CHE,2016,0.8754612
Switzerland,CHE,2017,0.9114113
Switzerland,CHE,2018,0.0
Switzerland,CHE,2019,0.0
Switzerland,CHE,2020,0.0
Switzerland,CHE,2021,0.0
Switzerland,CHE,2022,2.0849776
Syria,SYR,2005,0.00046798628
Syria,SYR,2007,0.0020626434
Syria,SYR,2010,0.03228835
Tajikistan,TJK,2016,0.011556624
Tajikistan,TJK,2017,0.018010356
Tajikistan,TJK,2018,0.03450136
Tajikistan,TJK,2019,0.044968918
Tajikistan,TJK,2020,0.06554707
Tajikistan,TJK,2021,0.10384288
Tanzania,TZA,2001,0.00033239645
Tanzania,TZA,2005,0.012515676
Tanzania,TZA,2007,0.020535806
Tanzania,TZA,2010,0.02951548
Tanzania,TZA,2011,0.063557744
Tanzania,TZA,2012,0.092036135
Tanzania,TZA,2013,0.12752879
Tanzania,TZA,2014,0.14067657
Tanzania,TZA,2015,0.13859068
Tanzania,TZA,2016,0.12673914
Tanzania,TZA,2017,0.14030784
Tanzania,TZA,2018,0.16448781
Tanzania,TZA,2019,0.308861
Tanzania,TZA,2020,0.3098531
Tanzania,TZA,2021,0.33527756
Tanzania,TZA,2022,0.46809
Thailand,THA,1989,0.35379246
Thailand,THA,1994,0.1469675
Thailand,THA,1995,0.16639693
Thailand,THA,1996,0.21509695
Thailand,THA,2001,0.6460174
Thailand,THA,2005,1.3874233
Thailand,THA,2007,1.5316792
Thailand,THA,2010,1.3536487
Thailand,THA,2011,1.5879663
Thailand,THA,2012,1.7685838
Thailand,THA,2013,2.5456746
Thailand,THA,2014,2.488222
Thailand,THA,2015,1.9334642
Thailand,THA,2016,0.0
Thailand,THA,2017,2.9737535
Thailand,THA,2018,2.7239695
Thailand,THA,2019,3.922243
Thailand,THA,2020,1.8272473
Thailand,THA,2021,1.4083434
Togo,TGO,2005,0.0013743588
Togo,TGO,2007,0.0013842045
Togo,TGO,2010,0.009044652
Togo,TGO,2011,0.010621872
Togo,TGO,2012,0.005041027
Togo,TGO,2013,0.0028491898
Togo,TGO,2014,0.0005020355
Togo,TGO,2015,0.0007208135
Togo,TGO,2016,0.0024745334
Togo,TGO,2017,0.0021610342
Togo,TGO,2018,0.00011432051
Togo,TGO,2019,0.0044350256
Togo,TGO,2020,0.0
Togo,TGO,2021,0.010585851
Togo,TGO,2022,0.017199557
Trinidad and Tobago,TTO,1996,0.003390897
Trinidad and Tobago,TTO,2001,0.0032045678
Trinidad and Tobago,TTO,2005,0.0327826
Trinidad and Tobago,TTO,2007,0.002509585
Trinidad and Tobago,TTO,2010,0.006379778
Trinidad and Tobago,TTO,2011,0.009733324
Trinidad and Tobago,TTO,2012,0.014058793
Trinidad and Tobago,TTO,2013,0.010202087
Trinidad and Tobago,TTO,2014,0.009178685
Trinidad and Tobago,TTO,2015,0.0107985
Trinidad and Tobago,TTO,2016,0.014067962
Trinidad and Tobago,TTO,2017,0.016971063
Trinidad and Tobago,TTO,2018,0.029226867
Trinidad and Tobago,TTO,2019,0.016165802
Trinidad and Tobago,TTO,2020,0.014101579
Trinidad and Tobago,TTO,2021,0.0050292457
Tunisia,TUN,1994,0.0076963822
Tunisia,TUN,1995,0.007816476
Tunisia,TUN,1996,0.03752507
Tunisia,TUN,2001,0.00783915
Tunisia,TUN,2005,0.030112619
Tunisia,TUN,2007,0.08668481
Tunisia,TUN,2010,0.08028663
Tunisia,TUN,2011,0.10095744
Tunisia,TUN,2012,0.12149593
Tunisia,TUN,2013,0.2418406
Tunisia,TUN,2014,0.28193855
Tunisia,TUN,2015,0.22325979
Tunisia,TUN,2016,0.25755596
Tunisia,TUN,2017,0.2971245
Tunisia,TUN,2018,0.3443809
Tunisia,TUN,2019,0.43491706
Tunisia,TUN,2020,0.5646115
Tunisia,TUN,2021,0.7503372
Tunisia,TUN,2022,0.92215323
Turkey,TUR,1989,0.15853752
Turkey,TUR,1994,0.04022866
Turkey,TUR,1995,0.04485889
Turkey,TUR,1996,0.048996083
Turkey,TUR,2001,0.12957576
Turkey,TUR,2005,0.10703392
Turkey,TUR,2007,0.0957525
Turkey,TUR,2010,0.10597358
Turkey,TUR,2011,0.16674028
Turkey,TUR,2012,0.13337877
Turkey,TUR,2013,0.20616461
Turkey,TUR,2014,0.14354594
Turkey,TUR,2015,0.12986554
Turkey,TUR,2016,0.14540261
Turkey,TUR,2017,0.14627163
Turkey,TUR,2018,0.2252532
Turkey,TUR,2019,0.22299422
Turkey,TUR,2020,0.31079492
Turkey,TUR,2021,0.25389275
Turkey,TUR,2022,0.4592331
Uganda,UGA,1994,0.00066069793
Uganda,UGA,1996,3.372046e-05
Uganda,UGA,2001,0.00016562207
Uganda,UGA,2005,1.5422274e-05
Uganda,UGA,2007,0.003017681
Uganda,UGA,2010,0.014453214
Uganda,UGA,2011,0.011171946
Uganda,UGA,2012,0.022238215
Uganda,UGA,2013,0.037103113
Uganda,UGA,2014,0.041480653
Uganda,UGA,2015,0.03599447
Uganda,UGA,2016,0.04456774
Uganda,UGA,2017,0.057249364
Uganda,UGA,2018,0.067301184
Uganda,UGA,2019,0.078915924
Uganda,UGA,2020,0.09456268
Ukraine,UKR,1996,0.051471785
Ukraine,UKR,2001,0.006861904
Ukraine,UKR,2005,0.056111313
Ukraine,UKR,2007,0.053053357
Ukraine,UKR,2010,0.035024956
Ukraine,UKR,2011,0.040238537
Ukraine,UKR,2012,0.022025088
Ukraine,UKR,2013,0.024998425
Ukraine,UKR,2014,0.016554248
Ukraine,UKR,2015,0.007603257
Ukraine,UKR,2016,0.007951706
Ukraine,UKR,2017,0.007109072
Ukraine,UKR,2018,0.017908119
Ukraine,UKR,2019,0.019910695
Ukraine,UKR,2020,0.048756007
Ukraine,UKR,2021,0.07084699
Ukraine,UKR,2022,0.05598717
United Arab Emirates,ARE,2005,0.27424517
United Arab Emirates,ARE,2007,0.31987548
United Arab Emirates,ARE,2012,0.18535827
United Arab Emirates,ARE,2013,0.2307172
United Arab Emirates,ARE,2014,0.23492281
United Arab Emirates,ARE,2015,0.21138622
United Arab Emirates,ARE,2016,0.2510032
United Arab Emirates,ARE,2017,0.18418266
United Arab Emirates,ARE,2018,0.18672833
United Arab Emirates,ARE,2019,0.2313067
United Arab Emirates,ARE,2020,0.08073801
United Arab Emirates,ARE,2021,0.00742762
United Arab Emirates,ARE,2022,0.12702516
United Kingdom,GBR,1994,0.983174
United Kingdom,GBR,1995,0.84676033
United Kingdom,GBR,1996,1.1002682
United Kingdom,GBR,2001,1.9094465
United Kingdom,GBR,2005,3.4517758
United Kingdom,GBR,2007,4.5819664
United Kingdom,GBR,2010,5.510094
United Kingdom,GBR,2011,6.0228596
United Kingdom,GBR,2012,5.4544497
United Kingdom,GBR,2013,5.200044
United Kingdom,GBR,2014,5.4837146
United Kingdom,GBR,2015,5.7632575
United Kingdom,GBR,2016,7.117409
United Kingdom,GBR,2017,6.7934527
United Kingdom,GBR,2018,9.142717
United Kingdom,GBR,2019,0.0
United Kingdom,GBR,2020,0.0
United Kingdom,GBR,2021,0.0
United Kingdom,GBR,2022,0.0
United States,USA,1994,11.085891
United States,USA,1995,11.678002
United States,USA,1996,10.05832
United States,USA,2001,17.676771
United States,USA,2005,12.063617
United States,USA,2007,11.620145
United States,USA,2010,13.526476
United States,USA,2011,14.696832
United States,USA,2012,13.797103
United States,USA,2013,15.541922
United States,USA,2014,15.656209
United States,USA,2015,14.955711
United States,USA,2016,0.0
United States,USA,2017,0.0
United States,USA,2018,0.0
United States,USA,2019,0.0
United States,USA,2020,13.364482
United States,USA,2021,0.0
United States,USA,2022,0.0
Uruguay,URY,1994,0.0041844198
Uruguay,URY,1995,0.030570958
Uruguay,URY,1996,0.025989069
Uruguay,URY,2001,0.05142776
Uruguay,URY,2005,0.053902436
Uruguay,URY,2007,0.04685638
Uruguay,URY,2010,0.010702286
Uruguay,URY,2011,0.012839834
Uruguay,URY,2012,0.012501397
Uruguay,URY,2013,0.017229885
Uruguay,URY,2014,0.014205446
Uruguay,URY,2015,0.01433765
Uruguay,URY,2016,0.012195119
Uruguay,URY,2017,0.0072730742
Uruguay,URY,2018,0.010522174
Uruguay,URY,2019,0.017409896
Uruguay,URY,2020,0.023853272
Uruguay,URY,2021,0.019027801
Uruguay,URY,2022,0.022342028
Uzbekistan,UZB,2017,0.0013056529
Uzbekistan,UZB,2018,0.0025557778
Uzbekistan,UZB,2019,0.0011634309
Uzbekistan,UZB,2020,0.004032385
Uzbekistan,UZB,2021,0.003068462
Uzbekistan,UZB,2022,0.007975944
Venezuela,VEN,1994,0.13076559
Venezuela,VEN,1995,0.15269488
Venezuela,VEN,1996,0.17944033
Venezuela,VEN,2001,0.03893876
Venezuela,VEN,2005,0.039765656
Venezuela,VEN,2010,0.06300915
Venezuela,VEN,2011,0.04395047
Venezuela,VEN,2013,0.046768896
Vietnam,VNM,2001,0.2252161
Vietnam,VNM,2005,0.17147282
Vietnam,VNM,2007,0.16000827
Vietnam,VNM,2010,0.26137355
Vietnam,VNM,2011,0.69805104
Vietnam,VNM,2013,1.7910311
Vietnam,VNM,2014,1.4488808
Vietnam,VNM,2015,0.868562
Vietnam,VNM,2016,2.4435284
Vietnam,VNM,2017,3.0270398
Vietnam,VNM,2018,2.8107138
Vietnam,VNM,2019,0.94551414
Vietnam,VNM,2020,0.7955593
Vietnam,VNM,2021,0.5237586
World,OWID_WRL,1988,100.0
World,OWID_WRL,1989,100.0
World,OWID_WRL,1994,100.0
World,OWID_WRL,1995,100.0
World,OWID_WRL,1996,100.0
World,OWID_WRL,2001,100.0
World,OWID_WRL,2005,100.0
World,OWID_WRL,2007,100.0
World,OWID_WRL,2010,100.0
World,OWID_WRL,2011,100.0
World,OWID_WRL,2012,100.0
World,OWID_WRL,2013,100.0
World,OWID_WRL,2014,100.0
World,OWID_WRL,2015,100.0
World,OWID_WRL,2016,100.0
World,OWID_WRL,2017,100.0
World,OWID_WRL,2018,100.0
World,OWID_WRL,2019,100.0
World,OWID_WRL,2020,100.0
World,OWID_WRL,2021,100.0
World,OWID_WRL,2022,100.0
Yemen,YEM,2005,0.01515832
Yemen,YEM,2007,0.05729607
Yemen,YEM,2010,0.19100069
Yemen,YEM,2011,0.32306114
Yemen,YEM,2012,0.2443764
Yemen,YEM,2013,0.3181504
Yemen,YEM,2014,0.04941533
Yemen,YEM,2015,0.109054185
Yemen,YEM,2018,0.010288846
Zambia,ZMB,2001,3.780456e-05
Zambia,ZMB,2007,5.0140225e-06
Zambia,ZMB,2010,5.9197224e-05
Zambia,ZMB,2011,0.0005435418
Zambia,ZMB,2012,0.0018362781
Zambia,ZMB,2013,0.0017576149
Zambia,ZMB,2014,0.0014351975
Zambia,ZMB,2015,0.00653025
Zambia,ZMB,2016,0.01196312
Zambia,ZMB,2017,0.01735182
Zambia,ZMB,2018,0.02745171
Zambia,ZMB,2019,0.04882977
Zambia,ZMB,2020,0.036368724
Zambia,ZMB,2021,0.03434473
Zimbabwe,ZWE,1995,0.00021664087
Zimbabwe,ZWE,2005,0.00068283454
Zimbabwe,ZWE,2007,0.0005856796
Zimbabwe,ZWE,2010,0.00026045463
Zimbabwe,ZWE,2011,0.0011162357
Zimbabwe,ZWE,2012,0.00020164109
Zimbabwe,ZWE,2013,7.664112e-05
Zimbabwe,ZWE,2014,0.004287376
Zimbabwe,ZWE,2015,0.0071353405
Zimbabwe,ZWE,2016,0.0069134375
Zimbabwe,ZWE,2017,0.00782975
Zimbabwe,ZWE,2018,0.049842354
Zimbabwe,ZWE,2019,0.03196941
Zimbabwe,ZWE,2020,0.0042800037
Zimbabwe,ZWE,2021,0.019695643
Zimbabwe,ZWE,2022,0.03395041
